length,diameter,mass,motor_thrust,burn_time,cg,cp,material,stable
63.71,4.3,540.2,141.1,1.93,30.5,50.62,2,1
115.56,6.79,521.1,163.4,2.51,57.17,75.32,0,1
95.88,9.11,1378.1,65.1,2.4,54.74,82.62,2,1
83.88,8.13,524.4,132.5,0.88,39.26,65.76,2,1
44.04,8.65,553.5,122.9,0.87,25.28,28.5,0,0
44.04,7.61,1187.2,169.9,1.17,18.39,39.14,0,1
35.23,7.85,784.7,183.1,1.4,19.56,26.61,2,0
107.96,8.94,1209.7,22.2,1.52,61.48,67.13,2,0
84.1,4.75,285.0,141.3,2.2,36.7,66.28,0,1
93.73,6.43,833.8,29.3,0.64,45.56,63.36,0,1
31.85,4.55,243.7,118.8,0.59,13.8,26.79,2,1
117.29,9.91,281.4,71.8,1.48,63.49,99.15,2,1
104.92,9.61,1378.4,75.2,2.24,53.2,93.77,2,1
49.11,3.28,381.0,83.5,0.98,25.88,36.86,0,1
46.36,7.94,892.1,131.8,2.1,20.37,34.15,2,1
46.51,9.48,734.4,80.1,1.15,20.57,38.42,1,1
57.38,4.26,651.5,151.9,2.72,23.43,36.71,0,1
77.23,6.98,1369.8,92.8,2.74,35.87,59.01,2,1
68.88,9.41,228.4,32.3,1.24,35.26,52.61,0,1
56.21,3.24,1062.9,161.1,1.07,32.13,35.24,1,0
85.07,7.88,1452.4,71.4,1.53,45.37,61.71,0,1
42.55,5.08,928.2,97.9,1.1,20.73,36.43,2,1
56.29,9.47,1417.9,143.4,2.18,33.25,48.23,1,1
62.97,9.8,267.9,79.8,2.57,34.25,39.66,1,0
71.05,9.61,744.4,30.2,2.18,41.64,44.56,2,0
100.67,6.32,538.2,87.3,2.56,50.89,68.33,2,1
47.97,9.03,1150.1,190.0,1.49,21.67,41.37,2,1
76.28,8.91,1475.7,135.5,0.89,31.32,48.72,0,1
83.32,5.23,533.5,140.9,2.34,45.43,67.99,0,1
34.18,8.8,1050.4,133.8,1.4,14.5,21.55,0,0
84.68,3.26,457.5,55.8,2.18,39.0,66.64,2,1
45.35,7.17,934.9,95.3,1.18,22.97,32.05,2,1
35.85,4.61,803.1,155.2,0.7,18.39,30.0,0,1
115.4,3.84,1463.6,38.2,2.98,60.02,77.33,1,1
116.91,3.54,991.1,70.0,0.89,50.65,92.56,0,1
102.76,7.87,654.4,69.7,2.97,48.91,68.92,1,1
57.42,5.38,348.3,97.8,2.94,30.05,46.74,2,1
38.79,8.07,396.6,196.5,2.48,23.04,33.44,2,1
91.58,3.46,492.9,32.2,2.15,49.96,58.43,0,1
69.61,5.21,526.3,113.4,1.94,40.69,59.87,0,1
40.98,6.78,1305.8,52.3,2.67,22.64,31.89,2,1
74.57,8.54,929.6,194.7,1.22,38.65,47.58,0,1
33.09,5.23,880.4,40.4,1.67,14.51,24.1,2,1
111.84,7.38,349.2,92.6,2.05,59.65,72.5,2,1
53.29,9.2,1318.2,152.8,1.53,27.96,43.17,1,1
89.63,7.31,1139.7,146.8,1.57,46.65,74.18,0,1
58.05,4.63,288.0,96.1,1.33,28.91,36.67,2,1
76.81,3.17,1120.2,82.4,1.91,38.84,57.75,0,1
79.2,9.09,906.6,91.6,2.63,36.98,66.88,1,1
46.64,3.15,306.2,67.6,1.0,23.5,41.08,1,1
117.26,9.12,795.8,57.0,2.84,51.54,88.42,0,1
99.76,6.7,830.1,106.9,2.22,55.97,88.3,0,1
114.55,9.57,415.5,68.3,2.56,50.08,87.14,2,1
110.53,8.59,1429.4,71.7,1.89,46.09,79.39,1,1
83.81,9.99,1305.0,138.2,2.45,40.84,71.61,1,1
112.97,5.45,1069.7,194.3,0.54,60.06,84.49,1,1
37.96,8.37,801.0,128.7,2.55,18.51,28.15,0,1
47.64,5.81,735.3,33.9,0.6,21.69,35.59,2,1
34.07,6.36,1046.3,33.6,2.72,17.43,29.1,0,1
59.28,7.39,909.1,191.3,2.98,27.83,50.36,0,1
64.98,9.12,281.0,73.5,1.24,38.12,46.85,0,0
54.42,9.89,866.3,36.6,1.03,31.81,38.09,2,0
104.59,8.38,1248.3,127.8,2.41,52.34,78.19,0,1
62.11,5.92,797.0,132.3,1.13,28.92,47.94,1,1
55.28,5.95,267.5,136.7,2.66,30.26,37.12,1,1
78.84,8.16,1222.2,68.1,0.76,32.12,66.08,1,1
42.68,4.67,461.8,22.7,0.81,21.13,31.84,2,1
102.2,3.77,536.2,193.7,2.95,47.75,71.56,0,1
36.71,5.48,414.1,65.2,2.18,21.44,23.2,2,0
118.82,5.01,629.3,141.7,2.62,47.81,79.81,0,1
99.5,5.07,1183.8,147.2,1.31,50.8,88.04,1,1
47.88,4.64,875.2,129.8,2.19,26.25,33.11,0,1
30.5,3.29,466.3,76.3,1.99,15.16,19.84,0,1
103.39,3.13,1341.2,68.8,2.01,43.12,76.32,0,1
93.62,9.91,1343.5,127.6,2.21,55.65,64.79,2,0
95.61,5.99,1331.8,175.9,1.94,48.15,58.37,0,1
99.41,5.69,510.4,190.4,1.57,51.98,69.29,0,1
36.66,7.76,786.6,39.1,1.19,16.4,27.98,0,1
62.26,4.53,1480.5,47.9,2.42,30.93,47.66,2,1
40.43,9.65,1203.6,190.1,1.07,19.64,28.58,2,0
107.68,8.5,235.3,152.6,2.23,44.68,79.06,2,1
86.1,3.63,284.8,178.9,1.08,36.27,76.6,0,1
59.78,5.92,803.1,56.5,2.06,33.93,42.64,1,1
35.72,9.15,1382.0,125.8,2.37,16.0,24.2,1,0
57.99,9.61,900.3,146.2,1.05,25.46,39.03,1,1
59.27,6.27,847.2,142.4,0.65,29.69,43.7,0,1
95.66,7.29,337.1,93.5,0.83,52.97,79.2,1,1
87.38,4.17,1053.8,22.8,2.01,36.03,57.83,1,1
109.85,9.94,1268.7,124.9,2.62,56.61,89.28,1,1
72.5,4.62,694.5,65.6,0.61,30.73,43.96,0,1
40.76,9.6,1208.3,101.0,2.34,16.6,29.58,1,1
94.19,7.55,1453.8,192.4,1.35,38.67,78.44,1,1
98.47,7.25,464.9,91.8,1.7,55.82,69.09,0,1
80.51,6.59,880.3,171.2,2.82,34.11,61.93,2,1
99.39,4.61,573.3,53.9,1.33,40.65,65.74,1,1
74.44,4.24,1230.7,141.0,1.66,36.3,61.24,2,1
77.05,4.54,950.9,195.9,0.53,43.82,47.44,1,0
68.48,4.31,1025.0,38.3,0.7,30.99,58.6,0,1
32.29,8.46,1237.3,21.5,1.15,15.64,21.29,2,0
39.71,5.45,714.8,98.0,0.57,16.2,34.24,2,1
32.83,3.4,1389.6,36.7,2.08,16.08,23.17,2,1
87.28,9.78,892.9,154.7,1.57,44.99,71.29,2,1
58.29,9.19,405.3,184.6,1.87,29.97,40.56,1,1
75.77,9.49,1104.7,98.1,0.94,35.35,66.06,1,1
111.68,9.96,1231.2,66.6,1.24,51.72,71.25,2,1
52.44,4.22,611.8,98.2,2.16,22.09,34.27,1,1
66.93,5.77,1314.3,150.2,2.91,31.68,50.06,2,1
98.0,8.31,1378.0,21.6,0.63,41.15,61.21,2,1
50.59,7.87,560.0,126.1,2.73,27.99,33.33,0,0
36.93,4.08,1478.6,130.4,1.94,21.91,32.61,2,1
56.08,8.71,382.9,134.8,1.91,33.31,50.07,1,1
44.51,4.57,462.6,63.6,1.75,25.5,31.73,2,1
113.67,4.57,439.5,148.5,0.67,59.13,99.69,0,1
102.73,6.76,1362.2,36.5,0.72,55.49,78.43,1,1
87.01,7.15,1050.6,55.9,2.0,39.77,59.24,0,1
108.43,7.06,397.7,177.9,1.35,57.05,87.91,0,1
102.33,3.64,772.4,153.0,2.79,50.26,81.63,2,1
46.79,9.14,999.9,22.5,1.52,23.23,41.96,0,1
110.33,4.86,308.5,64.7,0.86,60.85,74.97,0,1
78.54,3.91,1347.1,58.6,2.29,35.84,62.96,1,1
102.67,9.22,1244.7,68.7,1.23,47.6,63.2,0,1
110.65,9.69,856.8,64.6,1.81,64.72,70.16,2,0
58.62,9.03,1457.3,31.3,2.24,24.11,35.24,2,1
39.9,8.67,743.1,102.6,2.75,19.84,35.91,2,1
50.51,7.59,1479.3,151.9,2.48,29.43,42.47,0,1
68.44,6.86,1068.3,129.2,2.19,35.73,57.22,1,1
103.62,3.61,1025.1,141.1,2.2,52.77,78.02,2,1
107.47,5.86,415.7,34.6,2.86,48.35,74.15,0,1
30.63,5.61,1346.5,191.3,1.24,14.35,19.77,2,0
75.97,4.82,755.7,170.9,0.5,43.33,52.07,2,1
67.57,8.06,410.9,164.9,1.18,34.58,48.16,1,1
49.99,6.47,216.4,168.1,1.04,25.14,41.34,2,1
40.79,3.57,927.7,187.9,2.15,17.13,31.08,1,1
60.39,4.54,885.6,118.0,2.08,24.35,37.63,0,1
114.86,7.78,1135.2,56.1,1.98,68.08,69.54,2,0
59.09,3.53,1357.3,131.0,0.54,28.09,37.27,0,1
76.69,8.96,303.2,153.7,2.32,39.93,55.46,0,1
93.27,6.47,1150.9,152.8,1.31,38.8,82.08,0,1
62.73,6.36,443.6,113.9,2.16,33.66,49.63,2,1
117.46,7.15,1315.6,32.3,1.89,68.89,98.73,1,1
116.62,8.77,1264.8,86.8,1.36,60.07,86.29,2,1
52.66,5.43,903.0,185.7,0.84,22.39,37.31,0,1
74.75,7.75,1123.3,125.2,0.74,38.6,47.28,1,1
57.08,6.96,608.7,116.9,2.58,31.58,49.25,0,1
55.64,4.87,812.5,68.4,2.8,26.78,46.45,1,1
33.32,9.15,1268.1,86.3,2.12,19.19,21.67,2,0
84.86,8.58,797.0,181.2,0.76,44.95,63.96,1,1
75.24,7.61,665.1,140.0,1.51,43.63,56.15,2,1
34.63,8.95,842.5,161.7,2.32,18.17,27.27,0,1
55.08,9.07,1276.7,101.8,2.45,23.48,48.68,1,1
111.74,7.96,635.8,133.4,0.8,51.62,86.48,0,1
51.56,8.86,425.9,64.7,0.5,22.71,39.29,1,1
43.04,7.88,1125.6,147.0,2.28,25.04,26.47,2,0
74.05,7.76,1273.8,97.0,1.39,40.88,45.83,1,0
118.71,7.33,330.8,99.7,1.14,63.54,77.9,1,1
51.78,8.27,511.8,136.9,0.53,23.83,31.58,2,0
90.49,4.11,384.6,188.5,1.85,39.53,74.48,2,1
98.55,9.17,652.3,31.5,2.63,54.33,80.51,2,1
51.39,9.1,785.5,168.5,2.89,25.43,32.93,1,0
95.54,3.2,1173.5,72.6,1.91,42.53,81.29,0,1
63.1,8.78,1046.5,99.9,1.79,33.02,40.79,1,0
86.91,3.9,1007.2,23.9,0.71,35.46,60.0,1,1
87.02,5.35,658.1,74.2,1.87,40.48,58.71,0,1
78.22,8.2,1293.9,110.5,1.45,38.62,55.67,2,1
38.13,4.13,812.7,30.1,2.02,16.38,25.79,1,1
105.18,8.73,1472.8,108.4,1.47,62.78,78.53,0,1
58.87,8.82,1024.4,186.9,1.1,26.01,42.52,2,1
46.79,6.55,364.1,39.0,0.74,19.93,41.92,2,1
33.67,3.04,1079.0,157.6,1.29,14.84,20.77,1,1
83.18,5.01,622.6,93.7,0.74,46.07,53.46,2,1
90.98,7.32,1092.2,137.9,0.94,44.13,56.03,2,1
31.49,9.87,290.5,66.8,2.97,16.16,24.81,0,0
76.09,7.42,427.3,48.7,1.61,30.76,46.9,0,1
50.38,4.82,1312.5,48.9,1.83,20.5,42.87,2,1
88.07,7.44,495.3,32.7,2.68,43.08,66.36,0,1
45.69,6.78,1288.2,53.4,2.99,25.74,34.64,2,1
92.18,8.46,563.1,139.6,1.96,53.19,70.84,1,1
64.81,3.75,1035.7,178.7,2.53,27.05,42.2,0,1
114.31,8.33,1102.4,166.5,1.32,58.03,75.36,2,1
42.38,6.79,866.5,143.3,1.26,24.69,29.48,2,0
60.7,9.74,596.9,39.9,1.51,28.99,47.22,0,1
40.21,5.39,476.4,72.1,2.18,22.76,26.66,0,0
113.22,7.43,243.1,75.8,2.21,48.32,71.88,1,1
108.96,9.52,595.1,65.0,1.29,63.97,97.09,2,1
53.21,3.72,1049.1,112.7,0.83,29.28,32.28,1,0
89.4,9.56,1419.8,116.4,2.08,52.59,75.17,1,1
103.55,7.82,1332.6,84.2,0.82,55.43,86.61,1,1
79.97,3.47,1195.9,83.7,1.95,37.8,55.11,0,1
77.67,5.11,1225.0,169.1,2.23,45.64,49.76,1,0
51.77,7.96,1064.5,162.1,2.25,23.56,33.32,0,1
38.38,3.47,538.4,75.4,2.38,17.9,31.06,0,1
110.75,7.08,1379.4,184.5,2.68,59.82,87.81,1,1
111.04,5.42,1072.0,191.5,1.75,61.41,92.7,1,1
86.98,7.35,928.6,78.8,2.33,50.96,76.65,2,1
60.51,3.32,344.3,83.8,2.05,26.68,48.87,1,1
61.43,9.1,781.2,111.0,0.97,34.38,39.73,2,0
95.34,9.81,798.5,189.4,0.56,52.22,64.16,1,1
110.74,9.78,1323.9,177.7,1.21,45.71,94.42,1,1
109.84,8.25,910.6,38.5,1.61,52.44,72.8,1,1
100.19,3.91,694.5,90.7,2.04,45.74,62.29,1,1
87.78,8.31,1469.8,119.6,2.62,40.46,71.19,2,1
37.57,3.17,343.9,110.6,0.99,22.42,27.08,2,1
44.55,3.15,749.3,54.9,0.81,23.55,39.02,1,1
110.87,5.27,254.6,174.6,2.91,60.26,88.15,1,1
84.58,6.42,1161.9,141.8,0.77,50.35,53.04,2,0
30.83,8.39,1393.5,170.8,1.7,14.66,27.26,0,1
39.13,7.78,564.0,174.6,1.96,21.93,26.51,0,0
89.72,6.12,1315.8,154.7,1.85,43.68,62.91,0,1
30.46,4.92,579.9,99.1,0.72,17.48,21.95,2,0
44.47,9.98,1384.0,129.9,0.64,19.4,27.37,2,0
79.39,5.98,1180.2,48.9,0.76,46.8,59.46,0,1
92.27,6.16,1246.4,141.3,1.96,40.95,58.78,0,1
88.68,4.15,223.4,52.3,1.86,41.26,63.87,1,1
50.18,8.56,1451.7,144.9,1.08,27.66,35.39,2,0
94.1,7.86,1144.7,61.3,2.09,45.05,78.27,2,1
51.35,4.55,596.2,41.2,2.55,26.79,43.18,0,1
59.29,3.58,1278.2,49.8,0.6,28.99,38.3,0,1
97.18,7.76,566.0,20.4,1.75,53.3,69.0,2,1
88.47,7.58,1334.6,149.4,2.22,39.43,62.99,1,1
106.43,4.91,346.4,151.8,1.13,43.82,68.69,0,1
89.19,9.66,1114.8,112.7,1.27,41.02,74.87,2,1
81.15,4.06,902.9,49.0,2.03,40.16,65.91,2,1
38.43,6.03,325.5,35.0,2.74,16.66,25.25,1,1
63.09,9.61,514.5,23.4,2.52,29.71,44.8,1,1
53.87,5.94,216.1,49.8,1.96,25.86,34.03,0,1
51.96,7.47,809.4,180.4,2.33,21.38,40.97,0,1
117.57,5.78,591.6,63.5,1.41,60.74,74.82,0,1
65.38,4.92,977.9,83.8,2.1,37.71,58.57,2,1
110.28,9.89,586.4,39.0,1.67,47.46,92.0,0,1
86.8,5.87,589.9,60.0,0.97,45.1,62.24,2,1
101.53,9.26,1166.2,113.5,2.25,54.11,78.54,0,1
75.24,4.61,262.6,129.4,1.89,36.4,65.71,1,1
81.92,4.49,1373.8,64.2,1.4,44.26,62.77,1,1
74.33,3.22,1307.9,30.4,2.78,35.84,48.49,2,1
47.57,7.56,1068.1,90.4,0.55,23.83,33.95,1,1
95.02,5.58,971.2,62.2,1.29,38.15,81.05,2,1
55.27,9.05,1360.0,59.5,0.64,29.75,43.84,2,1
32.19,6.31,440.9,192.8,2.42,17.13,25.6,1,1
88.09,9.78,302.7,130.9,2.26,35.91,75.76,2,1
45.94,4.3,511.4,120.2,1.33,21.76,39.88,1,1
114.64,9.08,1233.0,94.8,2.19,68.3,100.42,0,1
115.85,8.44,245.1,97.2,1.49,56.09,72.81,0,1
112.34,8.4,957.6,117.4,2.39,56.21,85.74,1,1
63.31,8.91,1494.1,145.4,1.64,36.85,52.05,1,1
31.39,8.33,1312.4,146.4,1.53,17.06,25.96,1,1
113.55,7.38,877.9,50.9,2.84,58.64,88.8,1,1
68.54,3.92,282.7,110.0,1.13,38.35,44.55,0,1
117.0,3.23,1280.8,94.2,0.8,67.03,98.19,2,1
116.73,9.45,978.7,176.7,1.96,57.36,95.25,2,1
106.77,7.32,349.4,133.7,2.92,52.85,66.82,0,1
56.5,8.58,322.0,115.9,1.44,26.96,41.76,2,1
64.66,6.37,1382.5,40.8,0.66,38.36,42.17,0,0
106.6,3.82,1070.0,129.0,1.35,57.5,74.75,2,1
58.52,3.88,1278.1,41.1,1.76,24.38,35.43,1,1
45.25,7.8,1342.7,80.7,0.9,25.91,32.59,1,0
80.11,6.01,943.3,45.7,2.15,39.74,61.28,1,1
114.25,4.4,872.7,144.6,2.99,47.27,89.79,0,1
92.64,6.44,759.6,57.1,1.63,47.24,74.03,0,1
81.31,3.45,612.0,90.5,1.39,39.31,69.18,2,1
38.75,7.07,765.0,181.2,1.5,22.3,25.75,2,0
85.35,4.88,1206.0,56.8,0.79,37.62,54.3,2,1
119.1,8.58,982.5,111.4,2.71,67.33,101.89,0,1
42.61,5.17,1360.3,95.5,1.54,21.8,27.57,2,1
76.65,6.19,776.4,23.3,1.47,31.5,68.4,1,1
108.96,3.08,989.2,162.7,2.15,64.76,92.92,2,1
96.67,3.51,1020.7,32.4,1.61,48.58,72.53,1,1
92.73,5.75,969.2,105.4,2.12,42.49,82.94,0,1
93.22,6.36,1113.4,120.9,0.65,46.04,58.66,1,1
62.35,7.2,508.7,133.1,2.53,35.64,43.08,1,1
56.42,5.04,866.1,144.0,2.85,26.01,44.66,1,1
102.84,7.86,335.5,65.6,2.12,45.1,72.5,0,1
102.91,9.02,699.9,21.8,2.89,43.82,90.41,0,1
108.04,8.46,834.0,150.2,0.88,49.65,66.95,0,1
112.19,3.28,1047.9,116.4,1.69,62.38,85.81,0,1
76.02,6.36,1435.7,170.5,2.0,37.58,59.09,2,1
75.14,3.73,980.8,167.8,1.95,33.47,59.79,0,1
101.85,4.69,1166.7,171.8,1.5,44.12,68.92,1,1
88.5,9.91,858.1,107.3,1.35,41.29,62.78,0,1
93.18,4.0,1024.3,80.1,0.82,54.79,79.49,2,1
101.62,6.49,292.2,162.5,1.48,47.62,66.92,2,1
110.1,7.33,530.7,101.2,0.91,65.8,93.37,2,1
60.42,7.92,670.4,53.0,2.34,30.03,46.45,1,1
63.8,6.92,814.2,173.9,1.02,27.81,52.87,0,1
38.46,3.07,259.3,178.9,0.65,22.24,31.31,0,1
82.05,5.29,382.0,103.9,1.88,40.37,54.33,0,1
33.23,6.62,559.9,33.6,1.99,18.01,25.61,1,1
71.9,3.62,1463.0,89.8,2.68,42.91,61.86,1,1
78.84,5.45,630.8,164.6,1.94,32.33,57.52,2,1
55.79,3.23,826.7,182.3,1.36,23.39,49.65,2,1
83.17,3.55,454.9,56.6,2.51,45.25,61.19,0,1
32.75,5.78,994.0,32.1,1.85,14.94,21.05,1,1
33.36,3.93,564.9,177.9,0.7,14.57,23.91,1,1
104.03,6.97,469.1,90.1,1.91,42.43,92.12,0,1
62.42,7.83,871.5,117.5,2.77,25.24,43.44,0,1
41.44,8.6,207.2,194.3,1.49,22.99,35.65,2,1
77.0,4.4,210.0,32.0,1.24,32.87,66.56,2,1
99.3,4.17,484.8,136.7,0.86,49.01,70.01,2,1
49.42,3.73,247.7,33.3,0.88,25.76,30.89,0,1
86.06,7.46,340.4,87.6,1.58,41.8,70.34,0,1
37.68,7.95,640.5,164.7,1.99,15.28,26.13,2,1
34.65,3.22,1243.4,98.0,0.7,19.29,28.93,2,1
77.82,9.55,943.7,199.5,2.85,31.29,57.03,1,1
78.66,3.36,866.5,120.6,2.39,43.45,58.65,1,1
87.37,6.79,581.5,77.8,1.97,50.56,72.81,2,1
95.35,7.96,1411.3,59.6,2.57,46.39,68.15,2,1
117.83,9.1,716.1,83.1,0.7,59.75,86.36,1,1
76.47,8.0,313.2,87.1,1.69,37.88,54.51,2,1
59.07,8.61,1002.2,32.4,2.08,28.22,41.95,1,1
101.57,5.38,348.0,86.5,2.57,58.65,76.97,1,1
54.37,8.7,648.8,103.6,2.46,31.47,45.82,1,1
69.51,3.56,859.6,150.1,1.19,32.47,49.25,0,1
37.06,9.26,1336.5,138.2,2.85,19.38,28.07,0,0
32.28,6.83,841.6,147.6,0.81,18.9,25.86,2,1
116.64,8.72,1112.9,21.5,2.69,69.1,79.41,1,1
105.24,6.17,1490.7,59.2,2.93,52.81,71.9,0,1
92.64,7.51,370.9,139.1,0.94,45.44,81.52,2,1
66.81,6.68,557.2,107.1,2.31,30.45,54.58,2,1
45.6,8.12,712.9,21.0,0.6,26.98,35.25,2,1
44.08,3.57,748.4,164.8,1.51,18.89,35.01,2,1
52.52,3.42,734.3,159.1,1.79,27.1,31.97,2,1
79.43,4.73,1379.9,118.7,1.95,36.26,62.39,1,1
94.31,4.12,1128.2,32.0,2.84,42.99,71.0,2,1
89.42,9.1,990.3,158.0,2.18,43.01,68.29,1,1
55.19,4.53,602.2,125.1,1.7,33.1,39.07,0,1
115.94,9.83,1270.9,160.8,2.52,47.65,72.4,2,1
96.41,5.36,1441.6,155.3,2.88,49.72,63.44,0,1
79.89,4.27,1267.6,164.5,0.56,33.28,70.72,1,1
85.05,8.53,202.0,113.2,2.96,36.65,61.46,1,1
67.76,7.61,1027.3,45.3,0.72,33.06,50.15,0,1
52.3,6.49,266.5,140.8,2.54,26.26,32.2,2,0
62.04,6.89,534.9,131.7,1.2,28.03,37.92,2,1
98.21,8.03,277.4,153.6,0.83,45.5,80.05,0,1
31.3,4.6,984.9,50.6,1.6,13.06,23.83,0,1
40.45,9.97,1092.6,55.1,2.11,18.63,30.44,0,1
34.14,9.82,348.8,180.3,1.45,20.26,22.97,2,0
33.67,7.55,699.0,155.0,0.64,19.83,27.72,2,1
106.99,4.4,793.1,183.5,2.0,49.96,69.59,2,1
93.33,7.76,679.8,156.6,2.76,47.99,61.32,0,1
72.68,3.51,357.3,127.5,1.46,42.29,53.65,2,1
38.81,3.21,744.6,137.7,1.04,15.57,26.62,1,1
74.25,4.8,1176.5,180.0,1.61,41.74,50.06,0,1
72.61,6.24,292.3,124.2,0.62,42.82,57.62,2,1
45.59,9.08,304.2,133.8,2.55,19.07,36.26,0,1
69.05,8.09,661.2,48.2,2.57,29.85,58.51,1,1
65.87,8.2,1424.2,105.3,1.97,39.0,47.77,1,1
85.43,5.98,1069.1,149.0,1.38,43.35,53.13,0,1
87.16,5.42,1082.3,68.8,2.5,35.11,59.45,0,1
34.08,5.6,670.5,56.4,1.89,15.39,30.47,1,1
63.72,9.91,971.8,76.5,2.56,31.22,49.63,0,1
86.33,3.28,213.2,63.5,2.08,46.49,70.18,1,1
75.28,9.07,1026.9,58.7,2.46,41.15,45.34,1,0
107.08,7.05,1387.3,96.5,2.0,64.15,80.9,2,1
89.28,6.07,996.3,183.4,1.54,40.85,54.57,0,1
44.66,8.08,1335.8,111.3,2.89,22.67,34.43,0,1
36.35,6.41,1141.2,53.8,1.85,18.42,31.85,2,1
87.82,9.11,356.7,33.9,2.01,42.25,78.2,1,1
32.39,9.3,1373.2,145.3,1.05,14.05,24.68,0,1
82.72,5.95,286.4,88.9,2.06,49.26,61.0,2,1
114.62,4.94,894.2,167.9,1.93,65.41,101.27,2,1
81.79,7.15,384.8,138.7,0.96,40.87,65.6,0,1
64.94,9.39,215.2,163.3,0.65,33.81,40.23,2,0
87.9,4.47,748.6,69.0,2.01,39.15,65.02,1,1
71.24,7.36,583.6,144.6,2.41,36.25,47.88,2,1
79.11,7.42,831.8,67.5,1.81,42.64,58.61,1,1
114.73,8.13,950.4,189.0,1.07,57.71,84.52,1,1
64.75,3.92,256.9,134.5,2.17,38.72,50.16,0,1
116.51,8.01,359.9,78.4,0.7,60.85,82.37,2,1
111.48,9.36,926.2,68.5,1.6,52.86,72.38,1,1
47.62,4.26,646.1,54.4,0.91,26.4,35.77,1,1
36.24,4.66,1147.9,145.0,0.96,15.73,30.77,2,1
39.07,9.8,1048.0,59.4,1.01,18.63,31.22,1,1
31.64,4.27,1299.3,127.2,1.47,14.85,22.2,2,1
38.5,8.98,1100.2,67.6,0.63,18.72,33.91,0,1
91.47,6.45,758.9,139.2,1.49,50.89,79.91,1,1
36.41,4.73,1074.9,166.7,1.78,18.09,24.13,1,1
58.71,9.1,558.0,160.0,1.71,32.81,35.92,2,0
106.04,6.12,598.2,157.0,1.46,54.64,87.21,2,1
32.09,6.6,1225.7,53.8,2.6,15.03,27.23,2,1
103.3,5.51,780.3,35.9,0.86,58.06,91.98,2,1
55.37,7.15,1237.9,145.8,1.76,24.79,48.0,1,1
40.63,4.14,1269.1,86.3,0.66,18.08,31.7,0,1
92.71,5.74,1314.8,97.8,0.68,46.44,70.37,0,1
86.6,9.79,1391.6,25.6,1.93,39.16,52.69,0,1
108.97,4.81,760.3,66.7,1.92,43.79,73.45,0,1
96.16,7.6,614.5,26.1,2.7,50.93,70.95,2,1
102.31,5.28,956.9,178.3,1.89,51.38,80.68,1,1
55.38,8.41,682.5,63.8,2.9,27.09,42.49,1,1
45.97,3.92,981.4,120.3,0.62,27.28,37.82,1,1
97.56,9.79,1117.3,27.0,0.75,50.17,66.72,2,1
102.62,6.18,1094.9,140.0,0.61,58.77,78.96,1,1
119.15,4.65,686.9,78.1,0.96,50.98,74.64,2,1
67.14,3.51,416.9,181.6,1.85,34.5,48.61,1,1
63.48,4.19,759.7,179.9,2.11,36.41,52.38,0,1
99.88,6.64,385.4,78.6,0.61,51.6,80.7,2,1
60.67,5.36,1357.1,182.2,2.86,32.98,54.43,1,1
113.77,8.8,649.6,199.3,2.61,53.97,77.75,0,1
107.26,6.02,400.8,168.6,1.24,44.89,80.38,0,1
68.61,4.74,233.1,172.1,0.69,33.73,47.95,0,1
97.58,7.32,1039.6,64.8,0.92,46.73,71.45,2,1
97.91,7.95,1028.0,123.8,0.82,56.14,83.92,2,1
39.28,4.17,642.8,32.1,0.81,17.63,31.63,1,1
111.23,4.17,293.2,37.1,1.8,66.0,96.18,0,1
75.47,3.26,732.5,199.8,1.11,44.65,49.89,1,1
104.38,8.15,604.6,78.8,1.4,46.92,89.98,1,1
58.8,7.65,1080.3,154.7,2.97,27.62,36.34,0,1
110.6,6.32,987.5,165.2,2.21,64.05,95.84,1,1
65.03,8.91,674.0,174.4,2.87,38.58,45.44,2,0
30.98,8.64,483.3,199.6,0.86,15.14,21.51,1,0
111.48,7.1,1484.4,63.5,1.46,51.75,84.02,0,1
38.22,9.08,790.2,27.3,1.89,19.31,33.71,2,1
58.74,4.44,1094.8,94.0,0.69,31.57,36.08,2,1
115.51,3.78,382.7,43.4,0.51,52.52,81.51,1,1
115.55,4.89,831.3,24.0,2.18,63.24,99.03,1,1
81.61,3.4,235.8,84.9,2.1,33.49,58.66,2,1
86.87,6.72,857.1,161.1,1.53,35.6,57.31,1,1
70.36,9.56,1453.2,121.9,1.72,33.58,51.18,0,1
56.39,3.28,699.5,76.3,1.54,26.54,40.36,1,1
59.58,3.85,250.7,137.8,0.56,27.59,52.11,1,1
90.53,6.17,240.2,61.8,1.34,45.1,75.01,2,1
97.71,9.54,704.4,22.6,0.94,45.35,73.44,1,1
101.24,5.21,408.0,157.6,0.75,44.39,90.76,1,1
101.07,6.55,230.4,132.3,2.89,46.68,74.75,1,1
38.21,3.29,1183.1,157.2,2.0,22.73,23.59,0,0
74.5,4.04,796.1,27.0,2.32,35.92,50.56,1,1
35.18,9.91,576.0,170.7,1.29,17.2,25.71,0,0
79.46,9.76,1370.1,131.5,1.48,40.95,51.41,0,1
69.74,3.03,351.0,121.4,1.09,41.61,61.67,0,1
109.89,9.66,1442.7,132.4,0.74,49.27,91.22,0,1
61.58,7.47,608.2,175.6,0.95,33.02,41.91,2,1
40.54,9.08,1354.9,125.6,2.49,22.02,31.51,0,1
42.87,6.18,983.8,124.6,2.19,22.35,35.0,1,1
98.54,6.61,1274.7,198.3,1.87,41.16,86.95,0,1
85.64,6.42,1479.2,156.2,1.69,45.85,74.03,1,1
39.1,7.67,574.9,99.6,2.81,16.14,29.5,0,1
37.57,3.98,1449.5,147.3,0.68,19.51,31.27,2,1
93.09,3.21,706.3,90.1,1.2,51.0,71.55,0,1
36.55,5.16,701.2,61.2,1.37,16.16,27.99,0,1
103.97,7.93,642.5,127.4,2.46,59.09,65.96,2,0
93.56,4.41,903.8,187.1,2.98,37.99,59.68,0,1
37.32,7.71,400.4,187.2,1.1,21.23,28.32,1,0
37.64,9.79,919.8,81.5,2.69,18.52,25.62,0,0
118.8,3.66,904.2,115.0,2.58,52.69,72.03,0,1
63.68,7.71,1190.5,58.1,1.06,27.18,52.02,0,1
63.36,6.11,1283.7,199.2,1.5,37.42,38.63,2,0
103.15,9.08,772.6,196.6,1.52,42.76,80.31,0,1
115.25,4.24,593.0,136.9,2.95,50.69,87.79,0,1
118.74,7.85,537.1,164.8,0.95,55.76,105.76,1,1
97.8,8.87,453.0,148.7,2.5,51.25,72.89,0,1
63.86,9.61,274.9,126.8,1.34,32.5,39.54,0,0
37.52,7.78,645.2,29.6,2.33,15.95,28.72,0,1
99.94,6.48,551.3,101.9,1.55,45.77,85.18,0,1
80.26,7.32,1456.3,141.5,1.95,35.93,72.15,1,1
68.18,9.08,925.0,142.0,2.58,30.18,49.71,1,1
111.57,6.99,651.5,87.2,2.51,53.8,77.66,2,1
40.01,3.21,954.6,189.5,2.67,21.64,34.89,0,1
74.34,9.52,381.0,50.1,0.65,32.97,48.87,2,1
31.02,7.83,777.3,110.1,2.23,14.68,24.34,2,1
72.18,7.74,1014.1,144.4,0.85,34.52,52.09,0,1
35.07,4.51,835.6,145.5,1.54,20.88,21.47,1,0
40.69,7.61,722.3,136.8,1.87,24.05,28.66,1,0
40.58,5.76,1492.0,69.6,1.51,22.72,27.58,0,0
88.43,7.56,1344.4,48.1,1.8,39.65,71.26,0,1
97.14,3.75,1010.4,134.5,2.99,40.18,85.94,1,1
82.5,7.6,940.2,127.9,0.84,38.23,56.14,0,1
116.6,10.0,1006.9,52.3,2.19,52.86,98.34,0,1
63.74,3.34,461.7,146.9,1.49,31.94,39.3,0,1
55.71,9.84,713.7,101.9,0.83,30.95,42.42,1,1
108.17,5.85,251.3,140.2,0.9,61.84,67.19,2,0
50.12,9.1,818.2,170.7,2.87,28.52,44.12,2,1
116.69,8.48,905.9,50.6,2.7,55.07,96.84,0,1
31.09,6.97,496.1,23.4,2.77,16.71,24.79,1,1
117.29,8.17,1453.2,160.2,2.98,54.25,99.36,0,1
33.88,9.15,1382.3,129.7,1.02,13.97,26.91,1,1
110.2,5.83,1138.8,145.9,1.39,59.54,98.16,0,1
77.49,5.29,893.4,170.9,2.17,31.15,63.09,1,1
119.37,7.67,1331.0,164.5,1.71,57.52,104.73,1,1
36.64,8.65,369.8,193.0,1.55,17.07,27.67,2,1
79.85,8.34,1227.7,116.5,1.39,43.01,50.71,0,0
117.24,8.58,362.3,107.9,1.98,64.86,88.92,2,1
77.08,6.05,1232.5,92.3,1.94,35.52,49.18,2,1
86.65,8.72,558.5,47.7,0.9,48.72,67.39,1,1
92.62,3.84,1340.2,123.1,1.68,42.49,68.98,0,1
70.91,6.81,1427.3,69.9,1.88,34.69,55.79,1,1
86.48,3.04,393.4,185.8,1.93,47.17,52.15,1,1
82.59,5.27,801.5,125.0,1.03,44.48,54.38,1,1
111.1,5.57,1475.3,126.7,2.36,66.38,83.04,0,1
34.09,5.77,828.4,83.9,0.56,15.17,30.17,0,1
55.29,7.87,1322.6,29.4,1.39,29.44,39.53,1,1
115.54,5.72,965.4,25.7,2.45,60.3,84.03,0,1
110.12,6.14,687.9,96.2,1.91,64.2,89.69,1,1
71.01,4.66,571.5,35.2,1.15,30.62,55.47,0,1
85.81,5.61,464.2,129.2,2.24,47.23,59.18,0,1
54.96,4.59,1190.3,178.6,1.92,28.23,39.75,2,1
46.93,3.51,702.5,178.9,2.49,21.35,31.22,1,1
71.73,7.22,864.7,138.6,2.34,35.5,63.83,2,1
61.8,7.68,840.0,58.0,2.03,28.85,39.5,2,1
82.53,7.34,950.5,175.3,1.72,42.57,58.72,1,1
37.0,6.24,1325.3,179.5,0.83,21.38,22.48,1,0
117.7,5.66,1475.0,55.4,1.15,60.48,78.45,0,1
118.76,9.04,729.9,152.7,1.55,62.51,99.06,1,1
92.83,6.63,1275.8,71.6,2.0,46.77,61.3,2,1
78.25,6.35,1193.9,164.5,1.78,32.1,48.83,2,1
57.86,3.18,945.6,199.5,1.22,25.84,42.95,1,1
103.24,5.39,1442.9,25.4,0.52,51.46,62.25,2,1
91.63,5.66,460.6,181.5,1.74,42.34,57.31,0,1
44.64,5.79,342.0,132.1,1.21,19.48,37.6,2,1
111.98,7.06,1310.2,195.2,2.34,56.08,93.11,0,1
104.03,6.74,770.9,103.7,0.56,48.33,90.98,2,1
115.48,7.26,1301.1,172.5,1.96,52.15,98.89,0,1
95.31,8.35,1361.0,31.2,2.85,46.97,76.72,0,1
85.21,8.69,281.2,80.4,0.94,36.35,52.46,1,1
67.64,8.03,1348.5,32.1,1.68,39.61,56.47,0,1
113.95,9.69,782.8,195.6,0.73,65.35,97.27,1,1
107.95,3.13,863.6,167.1,2.06,58.46,90.64,2,1
34.07,4.37,1014.6,173.5,1.88,14.35,25.64,2,1
32.37,3.05,1404.3,188.8,1.52,17.97,21.69,2,1
63.88,7.53,224.9,35.3,1.8,35.88,54.53,0,1
102.95,9.29,819.9,89.4,2.74,56.99,84.23,2,1
118.85,4.7,1094.0,32.8,0.99,50.25,106.28,2,1
43.54,9.49,1139.5,57.9,0.56,23.02,28.16,1,0
83.47,3.42,1100.3,61.3,2.65,47.32,55.73,1,1
64.28,9.54,374.8,104.4,1.94,33.13,42.65,2,0
117.29,5.46,589.2,68.3,2.73,62.08,98.26,2,1
105.79,3.71,666.3,38.2,1.99,52.01,69.41,0,1
105.45,6.4,1245.8,50.1,2.53,53.33,65.38,0,1
72.18,4.8,562.4,46.5,1.57,29.37,64.93,2,1
67.33,4.99,473.9,195.2,2.37,35.54,40.9,1,1
54.61,5.15,1444.7,156.7,2.78,22.73,46.45,2,1
35.07,8.62,211.5,194.2,1.93,17.08,24.89,0,0
107.83,6.77,1497.2,99.2,0.95,49.44,91.92,1,1
103.16,5.18,1079.9,70.1,1.17,52.52,79.06,1,1
119.97,7.27,1277.0,163.7,1.0,51.19,104.44,0,1
119.7,8.01,583.0,78.7,1.12,64.44,105.08,2,1
79.99,4.91,218.6,73.9,1.27,44.71,48.21,2,0
99.21,5.89,1159.2,61.9,1.89,42.92,61.77,2,1
115.03,3.85,1284.4,43.3,1.97,48.41,77.66,0,1
106.47,4.27,1162.6,66.2,1.57,45.69,85.26,1,1
52.26,7.77,385.7,84.0,2.04,30.07,45.28,0,1
70.55,4.27,1179.5,141.3,0.7,35.67,52.06,2,1
41.62,6.68,1199.6,31.3,0.72,20.54,32.55,0,1
115.86,7.96,1056.1,57.9,0.93,48.82,76.07,1,1
84.56,3.75,1196.0,165.6,1.8,44.81,71.15,0,1
50.58,6.97,1299.7,46.4,1.03,29.01,45.02,2,1
90.45,4.8,997.7,81.7,1.21,51.16,61.56,1,1
85.63,9.74,315.2,175.6,1.5,44.97,64.09,0,1
62.23,6.38,833.9,47.9,2.53,25.83,38.95,0,1
40.22,8.64,300.9,34.9,0.53,16.99,30.88,1,1
90.44,6.85,729.8,107.2,2.12,37.07,67.91,1,1
76.83,3.3,729.2,74.4,2.17,34.69,49.43,2,1
99.51,7.43,285.8,121.4,2.5,42.5,72.9,1,1
76.81,9.66,653.5,164.7,2.83,34.72,53.79,2,1
106.7,7.21,344.3,44.7,0.55,50.9,80.72,0,1
79.67,8.73,1250.7,124.5,0.88,46.89,61.8,2,1
80.48,9.19,1432.0,111.0,2.72,42.02,48.5,0,0
108.9,4.6,294.0,45.9,1.65,61.75,90.2,1,1
66.31,4.48,1441.6,132.3,1.91,35.95,53.97,0,1
42.06,7.28,879.3,69.3,2.16,17.77,29.86,1,1
32.59,5.88,589.4,107.8,2.2,17.83,20.07,0,0
97.96,8.88,299.9,34.8,2.83,44.57,80.96,0,1
85.83,9.3,850.8,102.7,2.99,45.3,76.09,0,1
93.37,5.47,1232.9,75.2,2.3,43.71,62.75,0,1
49.17,4.66,1119.2,168.0,1.22,29.48,34.27,2,1
42.27,8.46,265.3,30.3,2.7,19.14,27.7,0,1
31.31,4.92,294.8,95.3,0.62,14.27,24.2,2,1
61.55,8.76,723.7,102.5,1.08,36.08,39.79,1,0
83.09,5.97,583.9,150.5,2.74,33.65,58.73,1,1
65.3,7.67,502.1,123.4,1.14,35.22,52.84,2,1
69.37,3.67,565.3,140.1,1.05,37.81,53.28,1,1
111.37,7.37,1244.5,159.9,0.85,63.18,79.74,1,1
61.34,6.16,1408.0,175.2,2.65,36.49,44.54,0,1
76.26,7.11,726.6,76.5,1.75,45.38,58.62,0,1
100.53,4.18,1377.9,116.8,2.19,41.52,60.49,0,1
65.69,8.16,617.9,171.2,1.1,37.07,40.96,2,0
85.99,9.04,819.4,198.1,2.4,45.51,74.33,2,1
107.61,4.52,493.8,180.1,2.4,56.98,67.08,1,1
115.46,3.67,1032.6,86.9,1.28,49.15,93.76,0,1
43.24,3.17,1472.7,55.1,1.53,22.92,37.88,2,1
113.39,7.49,984.5,108.1,1.02,67.64,77.24,2,1
74.29,7.25,665.2,153.5,2.94,43.26,52.83,0,1
53.24,6.83,1042.2,108.7,2.11,25.97,41.03,2,1
71.32,4.62,359.8,107.0,2.84,29.1,61.66,0,1
118.2,5.74,1355.3,170.9,1.26,55.85,104.32,1,1
74.34,7.16,854.0,85.1,2.45,42.02,61.09,1,1
59.59,6.48,784.2,174.8,2.41,32.2,37.3,1,0
87.01,9.91,961.6,93.2,2.23,42.8,69.67,0,1
51.61,3.96,1012.2,79.1,2.91,21.21,37.32,2,1
36.83,7.87,293.3,101.7,1.48,17.88,27.3,1,1
41.6,5.83,1087.4,157.2,0.83,20.54,25.57,1,0
41.52,6.0,514.5,42.7,2.18,24.32,27.29,1,0
43.67,8.02,1128.1,55.4,2.32,23.07,36.56,2,1
42.49,7.85,1269.3,191.3,1.94,19.65,31.28,2,1
87.68,9.94,1245.1,51.6,1.02,44.28,60.54,0,1
46.37,3.9,918.3,122.2,1.76,19.16,33.16,1,1
61.11,3.73,876.2,124.3,1.28,36.33,52.33,2,1
110.71,8.07,385.7,108.1,1.57,52.26,91.3,0,1
72.66,7.05,1207.9,136.1,2.11,36.01,49.53,1,1
90.08,4.92,552.8,61.4,2.36,42.43,57.22,2,1
45.51,3.56,845.7,119.5,1.08,24.42,30.75,2,1
47.31,3.6,569.6,87.0,1.51,25.19,41.45,0,1
33.68,9.26,374.0,139.1,1.17,18.29,26.08,1,0
45.2,4.34,1018.4,45.4,1.0,20.51,34.36,1,1
55.07,5.26,270.6,122.8,2.46,25.51,42.9,2,1
45.93,4.59,1173.2,53.3,2.77,19.52,32.6,1,1
37.98,5.48,612.9,70.2,1.43,20.17,31.99,0,1
40.86,3.49,200.2,59.4,2.38,16.67,30.93,2,1
71.47,6.63,864.5,52.9,2.74,37.13,45.39,2,1
48.57,3.47,260.9,168.6,2.62,27.88,31.02,0,0
62.78,8.6,559.0,71.4,0.96,36.3,47.78,2,1
75.31,4.64,1119.1,186.9,2.89,36.89,66.34,1,1
92.14,6.78,281.5,194.6,1.44,45.32,63.8,1,1
33.54,9.16,1291.1,122.8,1.35,13.93,28.87,2,1
101.95,7.56,205.0,45.7,0.66,54.46,84.54,0,1
86.51,6.73,520.9,87.4,1.72,48.81,58.34,0,1
37.36,5.27,1163.2,163.6,0.77,16.77,22.82,1,1
108.62,5.33,611.2,86.1,1.12,52.6,68.49,0,1
112.88,7.69,332.5,35.7,1.29,64.09,92.4,2,1
35.5,9.96,668.3,120.2,2.52,20.43,23.42,2,0
54.92,7.63,551.5,172.1,2.69,24.64,39.07,1,1
102.56,6.9,1295.5,163.3,1.26,52.32,76.97,1,1
97.34,8.11,607.4,51.5,2.65,42.68,79.59,1,1
46.61,6.26,1225.6,141.1,2.64,19.59,29.55,0,1
48.84,3.42,1359.4,59.7,2.41,28.44,35.26,2,1
63.34,6.94,764.0,59.3,0.87,35.73,47.22,2,1
73.61,9.7,1382.9,177.3,2.23,40.63,56.11,2,1
85.64,4.23,690.5,64.9,2.86,35.09,72.41,1,1
63.2,7.83,1453.3,67.4,2.21,35.95,41.18,2,0
71.63,4.41,316.1,20.1,1.33,34.93,60.34,0,1
97.27,6.75,1093.1,176.7,1.75,45.57,78.58,0,1
33.3,3.68,842.0,162.7,2.11,16.96,25.53,2,1
52.72,6.15,703.9,132.9,1.78,22.05,42.7,1,1
94.2,8.29,1022.5,155.0,0.8,51.94,68.16,2,1
110.57,5.43,1115.0,47.4,1.28,57.11,70.93,0,1
76.05,7.65,205.7,102.5,2.51,33.26,60.82,0,1
77.89,8.57,417.0,83.2,2.65,34.09,58.99,0,1
39.65,9.49,1127.0,36.9,0.84,17.32,31.39,2,1
70.27,4.64,1066.3,107.5,2.88,28.91,49.29,0,1
77.94,5.8,1455.9,185.7,1.32,40.34,67.96,1,1
51.82,4.07,1189.3,27.2,2.16,29.44,40.23,2,1
54.23,9.95,1436.0,72.5,2.38,21.88,33.93,2,1
63.96,9.49,1113.3,57.4,2.53,26.21,47.0,0,1
31.81,6.78,587.5,62.9,2.86,16.37,26.3,0,1
58.99,8.89,337.0,183.5,1.28,33.26,49.45,1,1
49.03,6.65,1216.4,104.3,2.65,22.82,36.69,2,1
59.47,7.37,1037.4,103.9,0.83,27.95,51.65,0,1
40.78,3.62,262.6,156.9,2.26,21.18,27.74,1,1
110.15,8.29,668.1,47.8,2.35,50.1,79.66,0,1
83.42,3.89,1443.8,107.7,2.19,33.81,72.54,2,1
91.12,8.78,850.5,97.4,1.13,49.85,79.17,0,1
101.03,8.47,762.5,127.4,2.68,53.05,81.4,2,1
74.86,7.96,795.0,199.9,0.92,38.64,64.21,0,1
37.82,3.25,471.5,158.5,0.63,20.74,23.7,2,0
78.34,5.12,679.3,91.6,2.29,41.92,67.33,1,1
82.82,4.84,680.8,169.0,1.69,36.54,57.66,2,1
97.09,5.52,268.1,50.7,2.62,45.68,63.45,1,1
68.85,3.61,1197.8,25.5,1.46,29.28,46.25,2,1
41.48,9.56,741.5,56.8,0.92,17.67,30.09,1,1
55.54,6.88,1268.8,81.3,2.59,29.73,37.51,0,1
62.68,5.14,1305.5,111.9,1.87,35.83,43.63,2,1
88.13,5.78,475.6,130.7,0.97,52.22,56.45,0,0
81.37,6.13,1054.6,183.9,2.3,42.77,56.05,1,1
62.05,7.2,814.0,111.8,1.78,27.1,47.88,2,1
118.79,6.61,1344.2,110.2,2.01,50.02,87.02,2,1
84.52,9.44,480.5,29.0,1.65,47.55,59.5,0,1
51.35,6.48,1081.2,26.3,2.57,26.48,42.31,2,1
39.16,9.95,990.1,119.2,2.57,20.51,33.99,2,1
43.76,8.96,583.9,98.9,2.27,24.34,36.19,0,1
52.14,4.46,377.6,171.1,0.76,28.19,36.47,2,1
44.46,9.51,1047.1,48.9,2.6,25.2,36.61,0,1
46.79,3.81,1160.2,24.5,2.18,19.24,30.21,0,1
55.66,8.72,610.3,100.8,2.24,30.58,35.57,0,0
45.6,5.66,1038.3,62.7,1.41,26.0,32.09,0,1
110.71,9.15,713.7,28.9,2.7,50.62,93.25,0,1
37.22,9.08,1127.2,150.4,2.31,19.66,25.08,1,0
77.21,8.64,459.0,40.1,0.78,35.73,47.79,1,1
66.94,8.53,1357.3,129.5,1.52,39.6,42.81,0,0
118.41,5.13,573.6,70.6,2.72,48.16,101.55,1,1
40.08,3.57,678.1,51.2,0.62,20.68,31.67,1,1
65.81,5.82,275.5,88.4,2.9,28.51,44.48,2,1
117.25,4.21,345.0,164.3,2.2,63.6,89.88,0,1
107.9,7.86,870.6,90.6,2.08,46.95,81.81,1,1
103.54,5.42,547.9,155.1,1.18,46.29,82.48,2,1
53.21,9.83,1286.1,42.6,1.12,26.55,35.65,2,0
45.38,7.49,219.1,159.1,2.86,26.45,39.0,0,1
90.18,8.76,692.8,62.6,1.25,39.89,62.48,0,1
113.64,3.93,638.5,141.9,2.44,48.74,91.85,2,1
80.11,9.03,225.1,121.8,1.48,44.2,48.45,0,0
81.45,9.46,361.7,187.2,0.85,40.73,57.97,0,1
55.2,6.41,737.7,89.7,0.53,32.15,38.94,2,1
99.25,7.24,840.7,31.9,1.86,42.61,75.74,2,1
46.83,8.35,725.6,23.4,2.94,24.78,29.12,0,0
59.13,4.22,890.2,168.8,1.42,26.41,49.5,1,1
68.29,6.52,973.7,114.5,1.39,29.46,45.44,0,1
75.68,5.79,212.9,159.5,1.36,40.62,60.78,1,1
51.82,4.02,803.3,62.2,1.8,26.88,43.58,2,1
40.34,5.57,1452.5,82.1,1.6,22.22,31.0,1,1
84.96,3.48,874.7,25.4,2.7,39.24,69.86,2,1
55.98,3.18,1080.8,193.1,1.76,27.41,44.7,0,1
82.31,3.95,605.4,140.2,1.77,39.6,58.17,0,1
43.89,9.74,1206.2,188.0,0.85,26.2,36.99,2,1
73.3,6.85,1204.8,67.8,2.96,33.61,50.46,2,1
77.93,9.76,877.7,130.1,1.12,35.77,60.11,2,1
34.66,6.03,1468.8,142.1,0.68,16.32,28.55,0,1
60.29,5.18,363.2,77.2,2.16,30.93,43.03,0,1
42.1,6.54,222.0,172.7,1.99,18.96,29.08,1,1
35.7,6.08,1201.2,190.5,1.54,20.82,26.34,2,0
119.1,3.74,1249.3,179.3,1.56,53.97,100.68,1,1
59.01,7.49,356.3,153.0,2.46,34.18,51.87,0,1
102.89,4.51,545.3,69.9,0.99,43.28,78.56,1,1
52.92,7.34,222.8,70.7,2.55,28.12,42.25,1,1
91.34,7.55,581.3,193.4,2.12,53.1,79.55,0,1
98.42,4.06,1205.1,21.9,1.55,42.69,61.96,0,1
83.61,3.43,873.3,148.9,1.65,49.63,55.99,2,1
72.44,8.47,652.5,147.1,1.14,35.54,58.87,1,1
67.07,6.22,683.3,132.1,2.38,39.51,56.81,0,1
61.4,3.41,201.8,198.2,1.78,32.87,52.62,0,1
113.66,9.96,589.7,76.1,1.3,52.32,82.35,1,1
104.76,3.4,1040.4,81.2,1.99,45.85,65.66,0,1
116.85,7.87,1466.5,34.2,2.99,53.84,85.46,2,1
41.19,9.89,1301.2,99.7,1.59,17.24,27.56,2,1
95.78,4.67,230.7,67.0,2.8,41.07,65.83,1,1
114.45,4.0,1368.1,81.8,1.36,48.18,95.19,2,1
46.31,3.85,1218.2,170.2,0.64,22.44,28.84,0,1
35.98,5.12,1214.5,188.4,1.01,20.12,30.52,0,1
96.7,3.71,795.4,53.4,1.55,41.41,70.43,0,1
81.7,7.85,717.4,87.1,1.05,34.81,63.63,0,1
105.76,3.44,593.8,187.2,0.5,55.92,66.3,1,1
42.58,6.57,285.4,31.1,2.79,18.71,29.86,2,1
101.57,9.98,496.7,36.6,2.61,42.61,63.68,2,1
48.15,8.7,520.6,49.3,2.36,20.87,42.78,0,1
44.73,7.31,829.3,127.1,0.92,26.16,37.67,1,1
44.78,5.14,1171.7,47.1,0.8,25.27,33.05,0,1
103.31,7.37,816.0,194.3,0.67,48.64,68.92,0,1
89.87,6.69,275.2,100.4,2.31,47.73,79.09,1,1
77.08,5.98,1445.1,110.3,2.82,39.11,54.21,1,1
62.29,3.91,1425.5,64.4,1.58,33.35,40.39,0,1
108.95,9.21,1220.7,104.8,0.8,58.45,83.78,2,1
65.32,6.15,1488.7,139.1,1.78,34.34,57.69,0,1
103.49,4.36,907.8,155.2,1.37,46.91,62.22,2,1
69.52,5.57,1451.6,155.7,1.44,28.35,46.68,2,1
63.92,5.9,298.3,124.0,2.05,31.39,56.35,1,1
71.64,8.79,675.4,182.8,2.3,41.42,46.66,1,0
57.12,8.14,493.0,167.1,0.78,29.36,36.22,0,0
97.28,8.39,454.6,156.3,0.59,55.11,75.01,2,1
75.24,3.08,383.0,30.0,2.99,45.02,64.6,2,1
50.9,5.91,1009.1,21.2,1.08,22.03,37.82,0,1
110.96,6.37,1215.7,58.2,0.63,59.74,99.68,0,1
64.55,3.13,951.8,139.4,0.97,34.53,51.88,0,1
78.92,4.82,391.1,94.0,0.6,47.04,49.11,1,0
111.58,8.32,1254.5,92.4,1.48,66.63,100.18,0,1
86.18,3.96,1026.7,179.2,2.51,46.31,62.25,0,1
40.52,6.75,704.6,181.2,1.35,18.18,27.81,2,1
114.58,4.51,1076.4,183.7,1.61,64.13,87.93,0,1
86.49,3.08,537.9,76.5,2.19,36.45,59.79,2,1
60.14,4.69,648.7,144.4,1.77,33.45,37.64,2,0
42.53,9.83,1392.7,68.9,2.65,24.76,25.54,1,0
101.46,8.61,577.7,54.3,2.67,48.35,74.56,0,1
85.81,9.72,811.0,53.2,0.52,45.15,73.03,0,1
78.01,6.41,1357.2,81.6,2.45,37.92,60.2,2,1
110.45,3.77,1120.0,97.4,1.65,53.85,99.38,1,1
100.97,6.84,280.9,169.6,2.97,46.66,69.27,1,1
43.65,6.18,391.5,41.6,1.71,24.11,29.86,0,0
58.05,8.91,210.2,152.3,2.97,34.09,37.62,2,0
52.36,3.69,1020.2,115.7,2.39,30.8,34.0,0,0
96.96,6.42,782.0,71.8,1.12,42.17,66.47,0,1
33.02,4.05,374.6,108.7,1.85,18.98,27.66,0,1
81.29,5.27,1445.3,74.0,2.98,44.51,70.86,0,1
98.62,8.16,888.6,127.3,2.64,44.44,88.02,2,1
108.91,6.33,514.5,98.1,0.74,45.03,72.93,1,1
60.79,5.63,850.8,49.6,2.27,27.57,52.54,0,1
103.91,5.76,1083.5,41.0,1.36,60.52,72.58,0,1
39.96,6.22,299.1,118.4,0.52,21.04,25.33,0,0
106.18,8.5,557.1,182.4,1.51,57.78,91.42,0,1
41.47,9.24,1249.1,81.9,1.09,18.72,32.8,1,1
65.76,9.69,797.6,151.9,2.55,35.76,42.7,1,0
101.76,8.51,910.6,138.6,1.34,41.27,74.18,1,1
43.49,5.21,762.7,187.7,2.57,20.66,29.84,1,1
50.63,7.82,257.1,167.8,0.5,26.6,41.57,0,1
95.0,6.06,415.5,122.0,1.27,40.78,69.92,2,1
94.8,4.78,779.2,138.3,1.1,53.53,85.02,1,1
87.7,8.89,471.9,181.7,1.08,39.2,54.06,1,1
92.46,3.27,265.0,91.9,0.67,49.04,65.32,0,1
78.85,9.31,1296.7,78.8,0.97,37.93,58.71,0,1
52.66,6.23,1475.6,21.9,1.89,27.34,39.55,0,1
61.11,7.46,1231.1,168.8,1.23,25.76,42.46,0,1
46.34,7.62,1309.9,164.2,1.54,18.69,37.95,2,1
111.76,9.27,514.6,38.8,1.44,65.03,96.38,2,1
82.51,7.46,1448.8,123.8,2.69,37.45,72.74,1,1
66.08,7.3,456.0,103.5,2.76,37.26,55.61,2,1
71.58,3.47,1436.9,41.4,1.73,42.94,61.21,1,1
115.26,6.63,1493.3,196.5,1.33,50.98,88.19,1,1
43.8,4.05,1125.2,58.6,0.77,19.84,37.13,2,1
82.76,8.16,1475.5,32.1,2.88,44.08,57.19,1,1
75.53,6.59,940.4,127.1,0.65,44.8,54.35,0,1
85.03,7.76,537.4,153.0,1.24,49.59,59.1,1,1
31.63,3.29,768.1,25.8,1.25,15.83,23.41,0,1
108.49,3.59,971.6,138.6,1.3,60.65,74.39,2,1
113.89,8.01,295.0,115.8,0.91,48.65,101.19,2,1
80.86,3.5,1009.0,38.6,2.46,48.15,56.11,1,1
92.7,3.5,1475.5,51.1,0.81,54.96,58.35,0,0
113.02,3.08,447.1,122.2,2.09,48.91,85.68,1,1
93.65,9.7,1230.4,73.3,0.81,43.07,57.8,2,1
43.73,8.16,1380.3,188.9,0.68,18.37,27.69,1,1
81.87,5.47,1426.8,167.4,2.77,37.2,54.51,1,1
84.6,5.08,1448.2,197.0,0.98,47.65,62.55,0,1
68.17,5.45,877.9,66.7,2.55,32.43,49.76,2,1
96.28,8.42,1470.5,194.6,1.86,40.21,80.87,1,1
114.09,7.63,1184.5,97.6,0.69,53.45,93.77,0,1
113.3,4.3,410.2,82.6,2.89,67.56,82.47,1,1
70.58,4.22,820.0,29.1,1.12,37.12,49.41,0,1
40.19,3.69,1133.8,29.5,2.65,19.42,27.93,0,1
118.64,7.62,521.5,144.6,0.92,51.41,98.73,1,1
105.5,8.35,1032.8,102.4,2.63,63.01,64.95,2,0
41.22,4.86,1066.6,60.8,0.53,23.25,24.89,2,0
112.88,3.15,411.5,130.5,1.78,51.5,94.66,0,1
108.29,3.58,934.6,65.5,2.42,44.83,80.48,2,1
76.7,9.78,1203.1,124.0,2.84,31.55,49.03,0,1
83.21,5.07,848.6,84.7,2.77,35.29,55.81,2,1
65.91,8.38,215.7,168.2,2.55,34.02,57.98,1,1
34.93,7.37,211.8,167.7,2.72,20.46,29.96,2,1
60.17,5.67,664.1,105.9,1.0,30.04,48.91,0,1
102.26,4.44,1404.1,83.1,1.21,58.14,76.15,0,1
30.42,3.85,497.3,85.3,1.22,14.88,23.0,2,1
60.01,7.31,1024.7,165.0,1.44,32.51,53.57,1,1
65.84,8.42,488.7,79.1,1.48,35.97,58.58,0,1
78.37,7.51,618.2,57.6,1.86,34.07,52.08,0,1
112.79,6.71,1302.5,35.2,0.9,53.26,95.12,0,1
61.17,3.29,1147.5,104.0,2.23,32.27,40.32,0,1
61.23,9.78,324.0,106.8,0.92,25.36,40.66,0,1
96.38,8.59,757.3,171.4,1.28,45.52,77.37,1,1
70.7,5.05,237.9,59.8,1.76,35.84,51.01,2,1
50.21,9.86,825.2,88.6,2.49,30.09,44.16,1,1
70.72,7.21,1061.2,165.5,2.35,35.0,44.32,1,1
42.68,7.08,354.1,168.3,2.11,24.04,32.16,0,1
45.87,8.24,575.6,89.2,0.89,22.31,40.17,1,1
74.85,8.68,717.2,102.6,1.87,41.86,65.21,0,1
67.7,7.6,1395.4,74.6,0.72,35.14,43.8,1,1
112.34,3.9,1491.2,187.9,1.44,64.85,79.76,0,1
62.62,5.37,258.4,41.4,1.53,30.19,49.2,0,1
82.25,9.5,1189.3,188.1,0.6,42.84,53.28,1,1
86.9,4.57,683.2,143.1,1.18,45.71,77.38,1,1
31.18,5.61,710.2,115.7,2.89,15.07,27.26,2,1
89.72,6.02,1180.5,25.9,2.88,38.48,58.32,2,1
46.02,6.08,1394.0,105.6,1.38,19.27,29.29,2,1
116.5,7.29,1436.2,93.4,0.61,46.99,72.88,1,1
43.38,9.6,950.3,49.0,0.95,24.93,37.86,1,1
67.32,4.68,664.3,138.2,1.48,30.11,44.3,0,1
37.68,3.85,1223.8,194.8,2.87,16.67,27.31,2,1
119.72,4.38,526.3,121.2,0.85,65.51,87.95,0,1
75.2,9.21,933.3,148.7,2.41,34.89,58.63,0,1
83.58,7.52,666.2,32.3,0.77,41.89,51.95,0,1
36.04,5.0,1053.6,95.2,2.95,15.59,24.07,0,1
97.5,8.71,512.5,40.9,1.45,57.71,85.74,2,1
48.89,9.03,449.1,130.3,2.44,27.88,42.66,0,1
110.82,8.93,1393.7,188.9,1.36,63.48,92.47,1,1
48.46,9.43,332.3,139.1,2.07,23.33,29.36,1,0
47.16,4.77,857.7,33.8,0.98,26.06,32.92,1,1
33.29,8.29,487.1,83.8,0.87,14.27,26.25,2,1
72.49,6.22,250.6,119.1,2.85,29.12,49.48,0,1
80.84,8.89,246.8,92.6,2.79,32.66,70.56,2,1
35.91,8.1,427.8,170.1,2.72,18.58,28.38,0,1
99.8,8.44,1326.8,166.6,2.06,49.01,62.03,2,1
70.8,7.59,567.2,130.1,2.52,35.65,61.78,2,1
77.2,4.24,1435.6,87.2,0.67,30.99,68.5,0,1
69.67,6.82,956.1,66.0,1.34,33.76,43.43,2,1
66.07,9.89,767.6,39.1,1.28,35.92,50.19,0,1
80.37,9.56,954.1,83.9,2.09,39.26,55.53,1,1
43.97,3.3,871.7,94.4,1.39,24.03,31.57,1,1
46.37,4.15,1186.4,141.6,0.87,20.71,30.32,1,1
107.56,3.92,567.2,138.5,1.99,60.52,83.19,2,1
115.15,8.08,659.0,32.6,2.54,59.61,102.18,1,1
63.6,8.72,1362.3,91.1,1.46,28.12,47.76,0,1
54.37,4.49,1430.4,52.7,0.83,24.32,33.97,1,1
87.96,6.54,1360.3,48.2,0.99,46.23,69.14,1,1
66.79,8.88,745.3,168.9,1.09,37.8,46.89,2,1
32.28,8.13,1214.5,27.5,1.25,15.6,27.66,0,1
44.05,6.8,819.2,95.5,2.11,19.9,32.18,2,1
94.44,7.13,846.8,50.3,2.0,54.15,62.13,2,1
89.3,6.56,466.1,178.3,2.24,47.67,58.7,0,1
32.44,5.08,968.5,120.3,1.41,15.88,26.94,2,1
49.98,6.96,442.0,61.6,2.56,24.87,33.97,0,1
50.8,7.82,631.0,110.4,1.01,22.39,42.17,1,1
90.47,9.11,1311.5,151.7,1.67,47.53,59.87,0,1
31.77,7.45,469.2,192.5,2.5,14.99,22.13,0,0
39.37,8.33,292.5,59.7,0.95,23.59,29.12,0,0
101.99,4.12,289.7,179.5,0.77,50.59,90.06,2,1
46.07,6.23,1423.0,188.2,2.71,22.9,40.52,0,1
88.75,3.07,859.0,185.0,1.36,45.54,58.76,0,1
51.44,4.73,732.2,134.4,2.21,30.01,36.39,0,1
38.95,8.09,1254.1,133.4,0.56,21.82,25.12,1,0
51.89,9.94,1286.6,92.6,2.23,25.44,39.07,0,1
95.0,3.69,631.8,155.4,1.29,51.66,70.13,2,1
107.01,5.81,1101.7,115.6,0.64,55.35,93.13,0,1
104.72,8.6,1202.5,141.9,2.02,52.2,92.05,0,1
65.75,4.43,1051.0,97.1,1.1,28.83,47.01,1,1
90.13,6.89,397.1,151.7,1.47,44.41,67.37,0,1
48.45,8.13,1338.6,168.4,0.7,21.76,42.1,2,1
56.38,7.31,900.8,46.4,0.87,32.87,47.48,0,1
110.67,4.32,567.2,169.9,1.24,51.69,66.52,2,1
31.17,5.49,752.8,117.3,0.72,18.4,21.69,1,0
37.7,8.49,248.8,172.0,2.78,19.1,27.39,0,0
48.71,6.88,366.2,97.6,0.52,25.64,32.58,1,1
32.39,3.04,1195.2,88.2,1.71,16.47,21.37,0,1
46.33,8.33,200.0,184.7,0.81,19.73,28.32,2,1
82.47,3.25,741.5,65.2,1.27,39.19,65.4,1,1
67.93,8.22,879.3,172.0,2.82,28.52,46.11,0,1
110.34,4.42,271.0,107.1,0.9,57.88,67.94,2,1
103.57,9.71,1465.0,112.5,2.91,50.68,69.32,1,1
60.76,5.58,494.0,75.5,1.01,33.76,51.08,0,1
53.35,5.29,595.5,123.1,2.35,23.69,45.64,1,1
64.17,4.04,595.1,78.5,1.87,27.78,47.8,0,1
83.13,5.14,499.5,27.1,2.71,40.01,60.25,2,1
54.13,9.14,201.9,69.0,1.88,31.68,48.35,2,1
86.17,9.97,1148.1,21.1,1.84,46.71,56.89,1,1
66.85,5.58,1456.9,196.1,0.99,32.34,44.43,1,1
79.68,6.14,491.6,193.8,0.92,40.12,54.79,0,1
69.25,8.05,1062.0,91.1,2.79,28.87,45.14,2,1
56.5,9.2,1164.5,151.1,1.32,33.73,40.33,0,0
115.36,7.15,1303.0,82.2,1.43,61.52,100.74,2,1
98.72,5.74,749.4,140.8,2.4,45.13,77.46,1,1
42.61,5.89,593.8,165.0,1.35,22.04,30.83,0,1
108.16,7.87,622.9,190.4,2.88,45.63,95.22,0,1
73.87,3.02,1126.4,92.0,2.34,43.82,45.4,2,0
110.51,7.34,1261.8,161.0,1.99,48.07,73.28,2,1
101.99,5.49,436.1,67.9,2.7,54.01,78.51,2,1
68.27,8.56,682.2,198.3,0.62,30.66,53.57,1,1
32.02,3.65,1372.5,24.6,1.14,17.4,19.59,0,0
54.18,7.12,1248.7,128.6,1.66,30.09,39.06,2,1
78.75,6.37,1480.3,138.7,1.07,42.1,62.58,1,1
87.01,7.5,1180.5,143.8,2.36,45.5,70.43,2,1
53.21,3.45,711.2,41.7,2.8,30.78,42.11,0,1
42.54,7.06,967.8,188.9,1.56,17.69,29.62,2,1
105.14,6.93,1059.3,52.6,1.36,49.02,66.04,0,1
118.6,6.92,302.0,132.1,2.9,53.33,86.35,1,1
77.31,7.22,907.8,60.1,1.61,46.2,49.37,1,0
45.45,7.74,1122.1,75.3,1.72,21.72,40.19,2,1
54.51,8.63,417.5,118.4,1.38,29.79,40.47,0,1
31.66,4.89,1214.8,95.1,2.77,17.0,22.01,0,1
112.29,8.78,958.9,48.8,1.92,49.68,93.19,0,1
40.6,6.49,1437.9,50.8,2.41,18.18,30.42,2,1
81.89,3.54,255.1,95.3,2.53,37.36,56.75,0,1
54.66,3.41,544.9,156.3,1.35,26.36,46.11,0,1
79.88,5.34,982.0,181.6,1.58,35.69,68.71,0,1
88.63,8.49,585.5,35.1,2.62,35.8,71.07,0,1
104.68,7.95,1128.8,90.8,1.41,60.28,64.28,2,0
48.58,8.52,1186.7,38.0,2.48,28.81,37.4,2,1
30.99,6.62,333.3,23.0,2.85,14.51,25.69,0,1
42.32,6.08,868.0,139.1,2.06,19.79,27.12,0,1
111.0,4.03,861.6,128.4,2.35,44.56,74.22,1,1
108.65,5.3,680.1,49.3,2.51,58.24,93.96,1,1
83.77,6.04,1412.8,62.1,2.61,47.34,50.77,0,0
84.05,3.62,1275.8,24.3,1.49,36.08,69.41,0,1
89.85,4.54,1106.4,170.3,0.63,38.81,66.68,1,1
45.78,7.19,1128.6,195.4,1.5,25.55,33.61,1,1
112.3,8.15,800.2,44.4,2.18,58.76,67.62,0,1
67.69,9.99,1397.3,61.7,1.63,27.68,57.25,2,1
64.48,9.53,1103.0,176.3,2.37,33.82,45.65,2,1
76.7,7.5,1147.7,186.8,1.39,35.42,58.46,0,1
34.23,5.95,1320.2,95.5,2.09,16.21,27.49,0,1
44.97,7.45,556.3,29.1,0.97,24.91,36.46,1,1
96.42,8.5,1249.2,27.1,2.37,54.21,85.51,1,1
37.45,3.83,453.8,123.3,1.86,17.98,28.44,2,1
84.28,5.87,648.9,90.7,1.01,49.68,60.68,0,1
52.08,8.88,636.3,25.2,1.23,25.07,46.15,1,1
65.04,5.69,1472.1,125.0,2.37,36.05,51.55,2,1
55.98,7.0,1313.5,22.0,1.71,27.81,38.6,2,1
62.01,7.11,1111.5,161.7,1.04,35.94,39.56,2,0
94.71,4.29,1145.2,75.2,2.92,55.08,80.77,1,1
56.74,5.54,930.7,27.2,2.29,23.69,40.21,1,1
80.98,5.34,1431.2,125.9,2.89,47.56,64.63,0,1
72.84,3.18,845.1,91.6,1.57,41.16,54.0,0,1
89.73,3.17,694.7,195.3,1.69,50.09,59.19,2,1
114.31,8.82,411.9,118.0,2.74,50.32,89.22,2,1
95.93,4.91,1222.1,69.5,1.81,53.82,59.31,1,1
49.34,6.63,1154.8,147.7,2.27,28.13,35.73,1,1
32.81,5.09,699.7,68.9,1.13,15.02,25.06,0,1
53.6,9.58,232.8,182.8,1.62,31.65,39.17,0,0
83.56,4.82,1290.7,87.4,0.81,34.26,68.9,0,1
34.63,6.01,214.8,119.0,1.01,14.89,29.38,1,1
74.67,9.11,1114.8,29.1,0.5,37.9,62.08,2,1
83.72,8.89,1461.3,96.7,0.6,43.13,51.2,0,0
60.08,4.3,769.0,169.8,2.94,31.79,39.55,0,1
99.38,8.62,505.5,165.0,1.11,40.09,75.63,1,1
39.59,6.21,1116.3,60.4,2.16,23.44,34.86,0,1
36.76,6.38,1262.3,60.7,2.6,15.03,31.27,2,1
95.54,3.93,910.4,167.1,1.88,40.95,81.47,1,1
74.59,3.56,1457.1,187.5,0.88,30.05,51.54,0,1
91.96,8.1,267.2,37.2,2.32,47.21,67.02,0,1
69.13,6.48,856.2,101.0,2.0,40.54,51.24,1,1
52.18,6.06,1134.0,80.7,2.33,27.82,33.77,1,0
103.72,8.11,1321.4,176.7,2.42,58.55,63.2,0,0
101.95,8.36,433.0,35.0,2.94,41.05,90.13,2,1
92.52,4.11,1240.0,58.0,1.93,47.04,62.2,1,1
54.49,7.27,918.5,155.4,1.35,26.81,36.62,2,1
83.12,3.95,715.5,29.2,2.12,41.54,51.95,0,1
62.49,8.26,371.2,108.7,0.67,25.9,54.9,2,1
38.24,7.6,1324.9,99.6,2.74,20.53,29.6,0,1
112.56,9.7,404.5,80.2,0.8,56.35,90.06,0,1
42.31,3.48,602.7,91.0,1.32,23.4,36.96,0,1
115.52,3.4,577.1,115.4,2.54,57.42,81.29,0,1
70.14,4.98,1332.8,49.0,1.99,30.15,55.16,2,1
