rocket_length_cm,rocket_diameter_cm,total_mass_g,motor_type,thrust_N,burn_time_s,wind_speed_mps,angle_of_launch_deg,center_of_mass_cm,center_of_pressure_cm,stable,thrust_to_mass
74.94,3.89,671.1,C,10.0,2.26,9.47,77.6,57.48,15.88,0,0.014900908955446282
144.09,6.56,644.6,A,2.5,3.88,4.06,78.5,68.99,113.13,1,0.0038783741855414207
117.84,9.05,1831.3,E,40.0,1.06,3.73,82.4,30.99,68.29,1,0.021842407033255067
101.84,7.99,649.2,F,80.0,3.98,14.13,88.7,87.8,77.64,0,0.12322858903265557
48.72,8.55,689.5,C,10.0,1.57,4.47,78.2,37.84,63.07,1,0.014503263234227702
48.72,7.44,1566.9,B,5.0,3.55,11.63,77.2,72.47,20.3,0,0.003191014104282341
36.97,7.69,1009.5,C,10.0,3.05,5.9,86.4,11.45,94.49,1,0.009905894006934125
133.94,8.87,1598.1,C,10.0,4.68,2.09,82.5,43.54,92.19,1,0.00625743069895501
102.13,4.37,317.7,B,5.0,2.24,0.16,88.7,41.65,44.29,1,0.015738117721120555
114.97,6.17,1077.6,D,20.0,0.8,8.16,77.2,58.91,43.69,0,0.018559762435040834
32.47,4.16,260.5,D,20.0,0.59,14.64,84.7,16.55,102.16,1,0.07677543186180422
146.39,9.91,312.8,A,2.5,4.22,5.54,78.5,81.11,17.96,0,0.0079923273657289
129.89,9.58,1831.6,A,2.5,2.86,5.36,77.4,29.6,106.92,1,0.0013649268399213803
55.48,2.8,450.6,D,20.0,3.99,5.16,85.3,70.93,38.23,0,0.044385264092321346
51.82,7.79,1158.4,F,80.0,1.55,7.81,83.9,82.29,75.23,0,0.06906077348066297
52.01,9.44,940.0,E,40.0,2.05,6.61,86.3,60.57,112.96,1,0.0425531914893617
66.51,3.85,825.2,C,10.0,0.64,13.2,79.6,76.68,84.59,1,0.012118274357731459
92.97,6.76,1819.7,E,40.0,4.83,7.58,81.7,69.57,55.59,0,0.02198164532615266
81.83,9.37,239.3,C,10.0,3.51,7.62,81.1,42.0,85.85,1,0.041788549937317176
64.95,2.75,1394.8,D,20.0,4.7,2.08,89.8,82.8,47.84,0,0.014338973329509607
103.42,7.73,1934.1,A,2.5,1.69,14.74,79.4,36.52,40.5,1,0.0012925908691381004
46.74,4.73,1208.3,F,80.0,3.25,3.75,79.4,61.41,119.64,1,0.06620872299925515
65.06,9.43,1886.3,A,2.5,3.55,1.1,80.3,77.09,92.59,1,0.0013253459152838892
73.96,9.78,294.1,E,40.0,1.93,9.95,83.5,44.11,80.92,1,0.13600816048962935
84.73,9.58,953.8,A,2.5,4.32,8.93,78.8,37.25,49.08,1,0.002621094569092053
124.22,6.06,668.3,D,20.0,4.76,6.23,88.7,51.34,15.41,0,0.02992667963489451
53.96,8.97,1515.5,F,80.0,4.48,6.33,79.0,83.62,13.42,0,0.05278785879247773
91.71,8.83,1966.3,E,40.0,3.83,11.78,88.4,93.69,70.96,0,0.020342775771754057
101.09,4.89,661.8,F,80.0,1.75,2.94,76.6,59.06,93.82,1,0.12088244182532489
35.57,8.72,1377.5,C,10.0,1.77,12.3,84.8,69.53,69.11,0,0.007259528130671506
102.91,2.78,556.6,A,2.5,4.84,9.73,88.6,91.29,102.49,1,0.0044915558749550845
50.46,6.97,1217.6,F,80.0,0.55,6.28,77.5,18.87,13.68,0,0.0657030223390276
37.81,4.23,1035.1,B,5.0,3.72,6.87,89.5,30.89,50.34,1,0.004830451164138731
143.87,3.4,1949.6,A,2.5,3.68,3.85,81.8,73.8,36.08,0,0.0012823143208863356
145.88,3.08,1295.3,C,10.0,3.3,11.28,89.2,84.14,59.2,0,0.0077202192542268205
127.01,7.72,829.1,F,80.0,4.96,7.69,85.2,87.13,17.96,0,0.09649017006392474
66.55,5.05,405.4,E,40.0,1.9,4.81,79.5,47.36,114.95,1,0.0986679822397632
41.72,7.94,472.2,C,10.0,2.03,8.94,77.8,18.04,34.56,1,0.021177467174925878
112.11,2.99,605.6,B,5.0,0.86,14.94,79.6,49.4,111.45,1,0.008256274768824306
82.82,4.86,651.7,F,80.0,2.49,6.53,76.4,30.77,56.85,1,0.12275586926499922
44.64,6.55,1731.1,D,20.0,1.67,13.81,77.2,36.21,118.41,1,0.011553347582462018
89.42,8.43,1210.2,A,2.5,2.05,5.18,76.6,79.5,70.95,0,0.0020657742521897208
34.13,4.89,1142.1,E,40.0,4.26,0.82,81.3,16.8,112.39,1,0.03502320287190264
139.12,7.19,406.6,D,20.0,4.71,3.06,86.9,84.48,10.59,0,0.04918839153959665
61.05,9.14,1748.3,F,80.0,1.34,6.28,77.1,48.49,92.31,1,0.04575873705885718
109.5,7.12,1501.1,F,80.0,2.18,3.29,77.0,63.65,109.34,1,0.05329425088268604
67.41,4.25,321.8,C,10.0,4.68,0.0,84.7,18.07,25.37,1,0.031075201988812928
92.41,2.68,1474.1,F,80.0,0.78,13.73,78.0,40.36,20.57,0,0.0542704022793569
95.61,9.03,1178.4,E,40.0,0.92,12.66,76.5,18.07,56.7,1,0.03394433129667345
52.18,2.66,347.1,D,20.0,1.23,11.13,77.5,96.54,112.7,1,0.05762028233938346
146.35,9.06,1024.9,E,40.0,3.18,2.52,88.9,82.65,69.66,0,0.03902819787296321
123.02,6.47,1072.5,B,5.0,1.18,1.81,87.3,51.37,68.02,1,0.004662004662004662
142.74,9.54,498.4,B,5.0,4.86,1.01,80.3,30.12,25.52,0,0.010032102728731942
137.38,8.49,1902.3,A,2.5,2.51,10.86,84.8,94.01,10.09,0,0.0013141986016926878
101.75,9.98,1730.0,A,2.5,2.76,13.93,83.1,41.01,99.12,1,0.001445086705202312
140.62,5.13,1404.2,B,5.0,1.61,6.46,85.2,24.49,19.63,0,0.0035607463324312774
40.62,8.25,1032.1,F,80.0,2.62,1.79,85.2,60.68,79.72,1,0.07751186900494139
53.52,5.51,941.2,E,40.0,3.48,7.69,84.4,94.94,110.61,1,0.042498937526561836
35.43,6.1,1371.8,B,5.0,3.88,5.23,79.0,10.34,32.95,1,0.003644846187490888
69.04,7.21,1181.8,A,2.5,3.89,5.62,75.6,31.43,83.18,1,0.002115417160264004
76.64,9.05,312.1,B,5.0,3.1,9.32,81.8,94.46,18.66,0,0.016020506247997435
62.56,9.88,1122.5,F,80.0,4.57,10.78,88.4,25.4,76.41,1,0.07126948775055679
129.45,8.26,1651.5,B,5.0,4.18,1.66,83.5,20.19,28.03,1,0.003027550711474417
72.81,5.63,1026.6,E,40.0,3.91,0.53,87.5,61.32,90.95,1,0.03896356906292617
63.71,5.66,293.5,D,20.0,0.75,14.91,89.9,87.57,43.14,0,0.06814310051107325
95.12,8.03,1615.3,F,80.0,0.53,3.49,77.5,52.94,60.97,1,0.04952640376400669
46.91,4.29,562.5,A,2.5,1.46,0.81,85.4,99.51,75.94,0,0.0044444444444444444
126.26,3.33,665.5,E,40.0,3.49,2.85,85.1,71.13,28.84,0,0.06010518407212622
38.95,5.16,496.5,B,5.0,2.35,0.58,89.7,16.67,91.58,1,0.010070493454179255
148.43,4.65,794.4,B,5.0,2.31,5.88,89.8,99.35,43.29,0,0.0062940584088620345
122.67,4.72,1562.2,D,20.0,4.48,12.04,85.3,46.71,82.86,1,0.012802458071949813
53.85,4.25,1134.9,A,2.5,4.53,5.12,78.7,35.87,27.41,0,0.002202837254383646
30.66,2.82,568.8,A,2.5,4.59,6.66,87.0,60.21,85.69,1,0.00439521800281294
127.86,2.63,1780.1,C,10.0,1.91,10.13,76.6,37.39,24.1,0,0.005617661929105107
114.82,9.91,1783.2,A,2.5,3.61,7.63,86.7,17.78,56.79,1,0.0014019739793629429
117.48,5.71,1767.0,D,20.0,1.72,12.92,88.7,10.13,37.19,1,0.011318619128466326
122.55,5.38,629.8,C,10.0,1.36,12.99,80.7,50.46,92.32,1,0.015878056525881232
38.89,7.6,1012.2,C,10.0,1.33,0.15,84.5,85.32,38.82,0,0.009879470460383323
73.02,4.14,1973.0,B,5.0,2.04,11.67,81.5,61.51,106.99,1,0.002534211860111505
43.9,9.62,1589.6,B,5.0,2.43,6.91,81.6,99.93,108.1,1,0.0031454453950679417
133.57,8.4,248.9,A,2.5,4.24,14.83,79.7,35.82,31.61,0,0.010044194455604661
104.8,3.17,317.4,C,10.0,1.04,7.25,86.4,35.24,77.52,1,0.031505986137366104
69.71,5.63,1035.1,B,5.0,3.81,14.8,89.0,24.38,19.65,0,0.004830451164138731
37.63,9.09,1836.6,D,20.0,2.89,11.32,89.1,24.77,53.07,1,0.010889687465969727
67.32,9.59,1169.7,B,5.0,1.8,3.73,77.6,35.67,88.47,1,0.004274600324869624
69.02,6.01,1096.1,F,80.0,2.72,8.08,88.1,81.36,82.54,0,0.07298604141957851
117.55,7.1,389.9,F,80.0,1.85,14.88,86.1,91.52,78.72,0,0.205180815593742
106.51,3.75,1382.2,B,5.0,3.18,12.86,78.8,97.76,41.08,0,0.0036174215019534077
136.47,9.93,1679.8,C,10.0,2.45,1.46,76.0,30.91,51.58,1,0.005953089653530182
86.67,4.24,884.8,C,10.0,1.24,10.6,79.0,89.32,21.32,0,0.011301989150090416
44.35,9.57,1596.1,E,40.0,1.02,5.18,88.7,39.54,89.09,1,0.02506108639809536
115.59,7.37,1936.1,F,80.0,2.96,0.1,84.5,20.16,65.43,1,0.04132017974278188
121.29,7.06,566.8,D,20.0,4.56,6.05,85.8,88.3,87.96,0,0.035285815102328866
97.35,6.35,1142.0,C,10.0,2.05,3.52,78.9,67.25,37.38,0,0.008756567425569177
122.52,4.23,716.8,A,2.5,3.8,12.28,85.8,24.83,45.69,1,0.0034877232142857145
89.26,3.82,1627.1,F,80.0,3.46,5.06,75.4,48.68,46.76,0,0.04916723004117756
92.73,4.15,1239.7,D,20.0,4.69,12.41,80.6,35.85,12.83,0,0.01613293538759377
81.3,3.9,1342.2,D,20.0,4.19,0.01,84.4,76.31,47.52,0,0.014900908955446282
33.05,8.35,1636.2,C,10.0,3.05,4.62,77.2,50.81,98.36,1,0.006111722283339445
42.95,5.13,912.7,D,20.0,3.46,3.62,87.3,99.04,108.7,1,0.021913005368686313
33.77,2.93,1847.2,C,10.0,4.54,3.5,78.5,14.93,67.0,1,0.005413598960588999
106.37,9.77,1159.5,B,5.0,2.3,1.02,84.8,41.95,60.11,1,0.004312203536006899
67.72,9.13,484.3,F,80.0,1.97,2.81,81.1,53.37,13.39,0,0.1651868676440223
91.03,9.46,1452.6,E,40.0,0.55,8.33,83.9,55.28,106.71,1,0.027536830510808206
138.91,9.96,1627.9,B,5.0,4.22,4.37,76.6,38.43,11.43,0,0.0030714417347502917
59.92,3.8,770.2,F,80.0,4.1,6.26,75.3,75.63,113.92,1,0.10386912490262269
79.25,5.47,1742.9,C,10.0,0.97,5.65,88.6,88.73,63.81,0,0.005737563830397613
120.67,8.19,1831.1,F,80.0,3.1,13.14,79.0,94.48,47.61,0,0.043689585495057616
57.46,7.72,698.4,C,10.0,2.59,13.58,87.3,82.46,111.66,1,0.014318442153493701
39.24,3.65,1970.3,B,5.0,1.03,7.39,90.0,86.55,12.68,0,0.0025376846165558547
64.77,8.62,453.3,A,2.5,4.91,4.95,78.2,59.55,73.96,1,0.005515111405250386
49.35,4.18,563.6,A,2.5,1.47,1.6,79.0,84.33,70.38,0,0.0044357700496806245
141.56,4.18,531.6,F,80.0,0.8,14.3,84.9,37.32,34.13,0,0.15048908954100826
126.97,6.53,1809.2,A,2.5,3.18,0.9,89.5,45.86,57.18,1,0.0013818262215343799
106.01,6.95,1377.7,C,10.0,3.82,4.46,88.7,38.52,81.75,1,0.007258474268708718
134.58,6.85,473.8,D,20.0,0.65,4.47,82.5,52.06,89.98,1,0.04221190375685943
126.44,3.19,992.6,C,10.0,3.46,4.81,86.9,35.7,10.08,0,0.01007455168245013
52.39,9.08,1307.5,D,20.0,2.9,2.46,77.0,96.55,113.05,1,0.015296367112810707
137.11,4.49,350.2,B,5.0,0.96,11.75,89.7,38.16,28.1,0,0.014277555682467162
94.72,3.47,1788.3,E,40.0,1.28,1.84,89.5,18.82,35.69,1,0.02236761169826092
126.89,9.17,1646.5,D,20.0,3.06,9.52,77.5,57.41,38.98,0,0.012146978439113271
137.53,9.67,1109.4,A,2.5,1.83,1.86,79.5,15.14,14.16,0,0.0022534703443302683
68.16,8.97,1940.8,C,10.0,4.72,1.06,76.5,19.95,23.54,1,0.005152514427040396
43.21,8.57,952.0,B,5.0,4.18,13.64,79.1,29.75,118.5,1,0.005252100840336135
57.35,7.41,1971.4,A,2.5,4.93,2.85,87.2,51.79,44.67,0,0.0012681343207872576
81.25,6.63,1402.3,B,5.0,1.67,12.32,80.7,48.99,22.68,0,0.003565570847892748
128.16,3.15,1342.4,E,40.0,4.86,8.17,76.3,81.97,21.77,0,0.02979737783075089
133.29,5.56,498.7,C,10.0,2.44,1.17,80.1,76.55,89.14,1,0.020052135552436335
30.83,5.3,1787.5,F,80.0,2.06,14.33,89.7,48.37,104.0,1,0.044755244755244755
91.29,4.45,969.5,C,10.0,0.73,3.7,84.4,40.03,38.26,0,0.010314595152140279
80.09,7.93,492.0,E,40.0,0.74,12.89,81.2,38.48,12.3,0,0.08130081300813008
56.65,6.22,222.7,C,10.0,3.61,2.53,77.5,79.66,34.54,0,0.0449034575662326
44.38,3.11,1207.6,F,80.0,2.56,12.81,89.8,14.69,16.22,0,0.0662471016893011
70.51,4.15,1149.3,D,20.0,1.52,0.2,87.3,11.15,21.37,1,0.017401896806751936
143.15,7.62,1494.8,B,5.0,3.26,7.68,79.2,81.6,57.47,0,0.0033449290875033452
68.78,3.07,1802.5,F,80.0,1.64,11.54,76.1,52.94,35.29,0,0.044382801664355064
92.25,8.88,342.9,A,2.5,3.1,14.02,75.8,21.78,66.75,1,0.007290755322251386
114.36,6.21,1516.7,E,40.0,2.12,13.64,76.8,31.2,37.88,1,0.026373046746225356
73.64,6.1,537.3,D,20.0,4.21,12.29,83.7,93.93,113.46,1,0.03722315280104225
146.61,6.94,1744.7,A,2.5,4.19,13.32,88.9,87.36,109.65,1,0.0014329111021952198
145.49,8.69,1674.3,A,2.5,2.65,2.99,82.5,73.88,72.35,0,0.001493161321149137
60.21,5.11,1173.4,E,40.0,2.08,4.26,87.6,53.4,48.99,0,0.03408897221748764
89.67,7.59,1478.4,D,20.0,2.13,4.33,81.7,56.83,51.93,0,0.013528138528138528
66.11,6.74,765.8,A,2.5,4.13,5.66,85.6,97.77,55.3,0,0.0032645599373204493
64.18,4.5,1048.1,A,2.5,1.98,5.9,86.0,96.92,90.03,0,0.002385268581242248
34.43,9.09,1678.9,D,20.0,1.44,8.17,77.6,29.37,59.68,1,0.011912561796414319
103.15,8.48,1026.7,C,10.0,0.88,2.4,80.4,83.0,104.24,1,0.009739943508327652
90.32,7.44,844.0,A,2.5,2.6,10.37,84.6,27.75,113.85,1,0.002962085308056872
36.18,8.88,1089.6,B,5.0,2.67,2.51,76.1,29.22,46.95,1,0.004588839941262849
63.44,9.0,1690.8,D,20.0,4.28,4.65,80.4,70.85,71.68,0,0.011828720132481665
138.99,7.81,803.4,A,2.5,1.5,7.55,83.0,46.45,20.46,0,0.0031117749564351506
58.75,8.78,512.8,E,40.0,2.21,11.95,89.9,93.84,32.05,0,0.078003120124805
47.39,7.73,1481.6,F,80.0,4.14,11.09,82.1,18.01,55.48,1,0.05399568034557236
88.73,7.6,1686.8,B,5.0,4.21,9.68,87.2,56.04,32.68,0,0.0029641925539483044
148.28,7.14,381.1,F,80.0,2.23,2.34,81.5,92.67,106.42,1,0.20991865652059827
59.05,8.15,631.8,F,80.0,2.57,8.21,86.9,91.37,27.41,0,0.12662234884457108
110.66,3.69,455.5,A,2.5,1.86,1.31,83.9,24.09,60.12,1,0.005488474204171241
121.39,9.11,826.3,B,5.0,4.7,5.66,88.3,43.0,76.63,1,0.0060510710395740045
58.52,9.04,1010.6,B,5.0,1.03,6.2,81.2,65.72,86.11,1,0.004947555907381753
117.39,2.72,1547.9,C,10.0,4.7,0.6,84.1,24.35,52.14,1,0.006460365656696169
74.13,8.69,1372.1,F,80.0,3.58,4.11,84.5,97.12,105.6,1,0.05830478828073756
105.88,3.47,1317.7,B,5.0,2.89,14.33,81.3,92.33,72.52,0,0.003794490399939288
106.02,5.01,834.3,C,10.0,0.65,14.3,77.2,25.03,58.35,1,0.01198609612849095
94.29,8.08,1714.6,D,20.0,2.64,5.28,76.4,20.9,17.4,0,0.011664528169835531
40.83,3.71,1048.3,C,10.0,2.33,0.65,75.3,17.69,61.12,1,0.009539254030334829
130.24,8.63,1962.4,E,40.0,1.23,2.69,88.1,91.85,100.28,1,0.020383204239706482
68.49,8.74,1341.5,A,2.5,3.45,5.88,78.5,27.43,77.6,1,0.0018635855385762206
52.38,6.31,427.3,D,20.0,4.87,14.22,78.2,47.47,101.54,1,0.0468055230517201
34.89,2.55,1417.1,D,20.0,3.03,2.12,86.0,50.4,64.34,1,0.014113330040222992
100.91,4.65,785.2,E,40.0,3.72,11.45,79.8,63.91,23.03,0,0.05094243504839531
111.31,7.13,1435.4,C,10.0,0.81,1.63,82.6,16.46,11.5,0,0.0069666991779294965
31.99,9.86,325.4,A,2.5,2.38,14.72,77.4,30.41,43.35,1,0.007682851874615858
91.45,7.24,514.8,C,10.0,1.02,5.72,89.4,93.83,86.78,0,0.019425019425019428
57.18,4.45,1740.3,B,5.0,3.26,11.63,87.8,91.76,96.93,1,0.0028730678618628974
107.42,7.26,608.9,C,10.0,4.72,5.14,88.0,80.32,42.53,0,0.016423057973394647
50.92,6.55,1706.7,D,20.0,3.48,9.42,81.1,11.75,64.52,1,0.011718521122634324
112.91,8.35,702.7,A,2.5,0.85,2.88,86.4,39.43,56.32,1,0.003557705991176889
76.41,3.3,1357.2,C,10.0,2.1,2.19,77.2,66.52,55.16,0,0.0073681108163866785
142.41,8.21,1449.5,A,2.5,2.98,14.07,75.1,34.77,35.45,0,0.0017247326664367024
46.5,6.56,1122.8,A,2.5,2.31,13.76,75.3,91.86,25.0,0,0.002226576416102601
70.93,9.72,749.6,B,5.0,4.25,13.31,83.8,67.05,31.64,0,0.006670224119530416
43.62,5.06,582.8,B,5.0,4.17,9.38,81.8,16.47,16.09,0,0.008579272477693892
140.96,7.24,259.7,D,20.0,3.25,12.12,82.8,91.81,31.79,0,0.07701193685021179
135.28,9.49,747.1,E,40.0,2.18,1.04,75.1,96.2,11.01,0,0.05354035604336769
60.95,3.27,1375.7,A,2.5,1.65,5.02,81.3,16.99,79.0,1,0.0018172566693319763
109.2,9.53,1888.9,E,40.0,0.98,4.71,85.8,57.91,44.8,0,0.02117634602149399
128.07,7.66,1768.2,D,20.0,2.1,9.53,81.6,37.3,117.05,1,0.0113109376767334
96.62,3.01,1578.9,A,2.5,2.36,5.34,86.0,45.36,31.31,0,0.001583380834758376
93.56,4.76,1619.2,A,2.5,3.54,2.23,78.5,26.17,48.04,1,0.0015439723320158103
59.02,7.81,1397.0,F,80.0,3.46,8.95,87.2,62.03,49.36,0,0.0572655690765927
41.17,3.01,668.5,E,40.0,0.82,12.22,83.8,96.22,10.93,0,0.05983545250560957
137.67,6.87,1833.0,C,10.0,2.28,5.73,78.2,55.28,102.31,1,0.005455537370430988
138.05,5.09,1407.3,B,5.0,1.32,1.98,78.6,17.46,13.52,0,0.0035529027215234848
105.97,7.16,1208.8,C,10.0,1.21,2.95,84.4,65.8,113.42,1,0.00827266710787558
70.68,2.84,399.8,E,40.0,4.22,3.56,87.4,40.62,108.13,1,0.10005002501250625
71.91,9.04,1004.7,B,5.0,0.69,4.5,81.2,87.03,68.91,0,0.0049766099333134264
117.11,9.8,1028.6,C,10.0,2.39,9.64,78.9,49.12,69.8,1,0.009721952167995334
137.65,9.77,1756.2,F,80.0,1.26,9.01,88.0,27.36,81.92,1,0.04555289830315454
136.45,8.12,1184.0,B,5.0,4.46,10.44,85.0,27.2,52.58,1,0.004222972972972973
123.59,3.48,884.7,A,2.5,3.01,5.44,81.7,79.19,81.19,1,0.002825816661015033
107.04,8.19,1958.2,C,10.0,1.54,12.36,82.3,33.9,14.92,0,0.00510673067102441
40.1,2.68,399.3,B,5.0,2.76,3.06,78.1,79.05,15.95,0,0.012521913348359628
49.4,2.67,960.6,F,80.0,3.79,7.04,84.4,28.53,60.3,1,0.08328128253175099
137.83,4.93,275.6,B,5.0,4.81,12.01,80.4,38.95,70.46,1,0.018142235123367198
102.77,6.16,1531.8,B,5.0,1.49,2.7,89.9,51.89,107.66,1,0.003264133698916308
31.1,8.28,1852.5,F,80.0,4.49,1.65,82.2,94.89,21.51,0,0.043184885290148446
42.18,7.62,704.1,C,10.0,4.7,13.26,82.3,93.86,100.49,1,0.014202528049992898
109.62,5.84,1745.0,D,20.0,4.62,5.14,83.5,28.62,33.11,1,0.011461318051575931
30.61,4.55,726.0,C,10.0,3.36,10.26,88.8,42.24,53.35,1,0.013774104683195593
49.3,9.98,1839.4,E,40.0,3.33,0.38,87.0,23.45,44.83,1,0.02174622159399804
95.85,5.7,1557.1,F,80.0,2.31,10.35,81.8,55.9,54.02,0,0.05137756085029863
113.03,5.89,1648.8,C,10.0,3.89,4.74,85.8,51.45,26.55,0,0.0060650169820475495
108.24,3.73,232.4,B,5.0,2.89,0.84,83.8,91.07,65.39,0,0.021514629948364887
56.91,8.46,1933.1,F,80.0,3.55,9.15,82.4,93.7,98.18,1,0.04138430500232787
115.46,7.7,1508.0,A,2.5,2.43,3.61,77.9,44.52,58.57,1,0.0016578249336870027
58.47,4.16,748.6,C,10.0,3.79,5.8,82.0,54.26,63.97,1,0.013358268768367619
69.05,3.12,1692.9,F,80.0,4.21,1.21,78.7,90.66,103.36,1,0.0472561876070648
119.58,7.6,706.7,C,10.0,1.16,2.21,88.7,82.6,87.67,1,0.014150275930380641
107.96,7.41,1771.0,F,80.0,4.25,4.47,80.0,10.33,63.95,1,0.04517221908526256
131.91,4.55,402.6,B,5.0,2.93,1.35,89.3,38.81,38.35,0,0.01241927471435668
108.91,9.63,1466.6,A,2.5,4.3,13.66,83.0,47.96,107.34,1,0.0017046229374062458
98.2,3.63,1173.3,A,2.5,2.44,0.09,84.5,30.67,73.47,1,0.0021307423506349613
41.24,5.74,373.8,E,40.0,2.21,7.26,83.1,27.96,34.33,1,0.10700909577314072
74.13,9.58,635.4,F,80.0,4.62,1.85,76.9,13.4,39.6,1,0.12590494176896444
61.82,5.65,222.3,C,10.0,1.63,4.62,80.6,67.9,98.34,1,0.044984255510571294
59.28,7.29,1043.8,A,2.5,4.3,13.89,76.5,33.63,14.86,0,0.002395094845755892
146.76,5.48,742.3,A,2.5,2.68,2.43,84.3,14.71,119.13,1,0.0033679105482958376
77.17,4.56,1277.0,D,20.0,2.81,14.49,81.7,30.79,24.34,0,0.015661707126076743
137.05,9.88,735.0,D,20.0,1.89,3.09,86.7,82.17,97.57,1,0.027210884353741496
105.74,5.57,739.9,A,2.5,3.08,11.12,78.3,86.63,53.43,0,0.0033788349776996893
125.38,9.21,1537.7,F,80.0,1.96,8.2,77.5,53.48,64.14,1,0.052025752747610066
90.32,4.22,286.7,E,40.0,0.68,13.27,81.1,47.45,106.87,1,0.13951866062085805
99.23,4.1,1825.2,A,2.5,1.72,8.31,88.9,98.01,55.42,0,0.0013697129081744466
89.1,2.73,1734.1,B,5.0,0.53,8.02,85.7,28.05,69.12,1,0.0028833400611268096
53.43,7.39,1402.0,C,10.0,4.9,2.93,81.3,29.38,15.42,0,0.007132667617689016
116.69,5.26,1267.8,E,40.0,4.85,2.49,82.8,36.27,10.26,0,0.03155071777882947
63.69,8.98,1806.1,B,5.0,2.28,13.75,76.3,25.55,36.93,1,0.0027683959913626047
32.92,6.05,533.6,E,40.0,3.78,4.92,89.8,44.14,84.86,1,0.07496251874062969
107.46,9.76,342.1,B,5.0,2.06,5.58,85.0,91.98,23.34,0,0.014615609470914935
51.25,3.89,631.1,C,10.0,3.52,11.4,79.3,65.38,22.51,0,0.015845349389954046
142.86,9.01,1630.2,C,10.0,4.12,5.08,83.8,47.08,55.21,1,0.0061342166605324495
144.47,8.32,262.4,D,20.0,4.76,14.28,76.6,94.1,81.26,0,0.07621951219512196
139.78,8.28,1249.1,F,80.0,2.3,11.07,89.5,14.36,88.33,1,0.06404611320150509
74.42,8.84,1991.8,B,5.0,4.02,8.96,77.6,28.92,29.63,0,0.0025102921980118486
31.85,8.21,1740.3,D,20.0,1.7,13.21,84.7,60.93,18.75,0,0.01149227144745159
141.4,7.2,1138.6,B,5.0,4.96,0.74,78.7,65.4,113.44,1,0.004391357807834183
81.38,3.48,314.6,D,20.0,0.62,3.86,85.8,13.56,38.67,1,0.06357279084551812
146.0,2.74,1696.5,C,10.0,3.22,6.98,86.7,46.27,103.87,1,0.0058944886531093425
145.63,9.41,1278.2,E,40.0,3.47,3.4,85.1,68.42,104.98,1,0.031294007197621654
132.36,7.12,406.9,D,20.0,3.6,11.16,84.2,72.83,94.98,1,0.049152125829442124
65.33,8.47,368.9,B,5.0,1.04,13.79,88.4,67.43,28.57,0,0.013553808620222284
76.21,6.11,1837.3,B,5.0,4.72,6.36,76.2,38.85,100.4,1,0.002721384640505089
132.14,3.38,1404.6,F,80.0,1.32,5.13,80.0,18.42,94.62,1,0.05695571693008686
68.03,3.44,1692.7,C,10.0,3.3,14.42,78.7,48.44,75.64,1,0.00590772139185916
50.34,7.64,1782.2,B,5.0,1.5,6.67,89.8,21.59,47.09,1,0.0028055212658511953
96.82,5.73,1229.2,A,2.5,1.88,7.34,80.8,95.29,38.88,0,0.0020338431500162707
142.34,4.0,1131.4,E,40.0,2.96,5.27,86.0,52.77,23.41,0,0.0353544281421248
113.52,6.19,974.8,D,20.0,2.38,13.64,85.3,38.55,66.07,1,0.02051702913418137
98.41,2.98,770.5,F,80.0,1.22,8.53,78.2,78.97,74.38,0,0.10382868267358858
41.66,6.86,982.3,E,40.0,1.27,11.43,78.6,54.82,49.53,0,0.04072075740608776
103.8,4.52,1593.0,C,10.0,2.38,12.18,79.2,37.9,62.29,1,0.006277463904582548
148.81,8.48,1283.5,F,80.0,3.91,5.13,81.2,83.08,49.99,0,0.06232956758862485
46.81,4.83,1806.5,D,20.0,4.54,6.51,78.5,88.04,80.51,0,0.011071132023249377
92.2,5.91,998.1,D,20.0,0.88,12.73,75.3,70.57,109.14,1,0.020038072337441138
135.28,2.59,1292.8,A,2.5,2.27,5.45,88.2,14.23,28.03,1,0.0019337871287128713
118.89,3.04,1336.4,C,10.0,0.95,11.91,89.5,60.97,51.95,0,0.007482789583956899
113.64,5.44,1265.1,F,80.0,0.57,14.11,80.1,78.7,25.5,0,0.06323610781756384
114.3,6.1,1464.7,F,80.0,3.48,9.35,80.1,22.29,78.74,1,0.05461869324776405
73.14,7.0,627.4,B,5.0,3.21,11.12,75.1,30.58,90.18,1,0.007969397513547976
65.23,4.69,1122.3,A,2.5,1.23,12.08,85.2,89.42,112.51,1,0.002227568386349461
127.12,7.71,387.6,A,2.5,1.55,12.68,87.4,11.81,40.68,1,0.006449948400412796
127.21,8.95,892.1,F,80.0,0.61,5.93,77.2,77.75,114.52,1,0.08967604528640287
134.05,8.35,1077.8,F,80.0,4.26,0.77,77.4,52.64,16.96,0,0.07422527370569679
139.59,2.8,1374.0,E,40.0,4.89,6.03,86.9,50.21,76.33,1,0.02911208151382824
91.36,6.1,1911.0,E,40.0,1.11,10.11,84.2,10.64,16.28,1,0.020931449502878074
90.18,3.29,1281.2,E,40.0,1.54,6.76,75.7,83.75,108.32,1,0.031220730565095223
125.8,4.32,1538.5,A,2.5,4.41,11.23,84.3,42.38,68.28,1,0.0016249593760155996
108.0,9.9,1111.3,B,5.0,4.67,5.35,79.6,58.67,83.63,1,0.0044992351300278954
114.24,3.57,1341.4,D,20.0,2.39,9.52,80.5,70.96,101.47,1,0.014909795735798419
125.5,6.24,327.7,E,40.0,0.73,2.8,86.5,73.24,26.53,0,0.12206286237412267
136.8,7.14,657.9,B,5.0,0.68,11.24,87.2,96.04,14.25,0,0.007599939200486397
70.56,7.77,851.3,C,10.0,3.08,8.19,81.0,57.82,106.68,1,0.01174674027957242
75.07,6.7,1050.5,E,40.0,2.27,3.06,89.2,45.97,44.64,0,0.03807710613993336
41.28,2.57,282.2,D,20.0,0.63,4.38,81.1,95.83,24.19,0,0.07087172218284904
99.39,4.95,452.0,C,10.0,3.12,11.23,86.6,67.79,61.53,0,0.022123893805309734
34.31,6.38,698.3,C,10.0,0.55,7.24,82.3,36.83,75.81,1,0.014320492624946298
85.87,3.16,1948.8,D,20.0,4.04,3.24,88.5,21.38,13.41,0,0.010262725779967159
95.12,5.13,796.4,E,40.0,1.88,14.51,88.6,85.83,40.24,0,0.050226017076845805
64.38,2.75,1067.7,A,2.5,0.68,10.73,76.3,42.6,13.61,0,0.002341481689613187
100.9,3.09,553.0,D,20.0,3.15,14.36,89.0,69.44,56.24,0,0.03616636528028933
33.66,5.48,1299.4,D,20.0,2.29,6.41,87.4,52.37,108.46,1,0.015391719255040787
34.48,3.5,705.2,D,20.0,4.88,7.13,86.9,27.9,118.09,1,0.028360748723766305
128.71,6.76,572.6,C,10.0,2.95,13.47,78.0,64.15,80.08,1,0.01746419839329375
73.22,7.67,1129.8,B,5.0,1.74,7.88,87.1,15.46,27.78,1,0.0044255620463798905
45.25,8.5,209.9,A,2.5,3.69,10.61,87.8,47.2,109.64,1,0.011910433539780848
92.67,4.0,213.8,E,40.0,1.72,3.78,79.3,59.2,66.79,1,0.18709073900841908
122.4,3.76,594.3,E,40.0,4.57,6.7,89.3,49.24,26.91,0,0.06730607437321219
55.9,3.28,266.1,B,5.0,2.19,1.85,75.7,77.38,111.39,1,0.018789928598271326
104.75,7.27,394.4,D,20.0,2.97,3.09,77.2,84.51,93.32,1,0.05070993914807303
40.24,7.8,809.9,A,2.5,0.73,0.01,83.1,79.41,90.49,1,0.0030868008396098285
36.2,2.74,1644.7,E,40.0,2.42,0.59,83.6,13.49,88.01,1,0.024320544780203075
93.76,9.52,1229.7,F,80.0,4.25,14.66,84.7,27.47,32.04,1,0.06505651784988209
94.88,2.89,1122.8,E,40.0,4.13,3.64,75.3,58.29,33.21,0,0.03562522265764161
106.49,6.56,728.3,D,20.0,1.51,9.95,89.4,94.13,85.71,0,0.027461211039406838
117.13,7.82,1877.2,F,80.0,1.52,12.59,75.7,85.15,34.17,0,0.04261666311527807
147.1,9.03,914.6,B,5.0,4.18,8.26,77.1,85.83,58.25,0,0.005466870763175158
91.96,7.86,356.8,A,2.5,4.69,2.3,75.2,37.29,96.02,1,0.0070067264573991025
68.75,8.51,1310.7,B,5.0,0.93,10.92,83.5,48.65,96.23,1,0.0038147554741741053
125.42,5.05,404.9,B,5.0,2.53,9.0,89.0,52.36,59.86,1,0.012348728081007657
62.5,8.61,821.4,A,2.5,2.02,10.97,85.0,24.16,97.14,1,0.003043584124665206
82.68,3.1,1113.3,A,2.5,4.42,11.55,87.3,12.8,102.25,1,0.0022455762148567322
39.41,9.21,1773.6,E,40.0,0.88,14.63,75.2,95.22,82.03,0,0.02255299954894001
33.04,6.61,1088.4,E,40.0,1.45,8.6,83.1,31.66,35.13,1,0.036751194413818446
145.52,8.63,1464.1,A,2.5,3.89,5.12,81.9,31.6,40.14,1,0.001707533638412677
130.32,5.89,1987.1,F,80.0,0.73,9.73,82.5,17.5,44.63,1,0.04025967490312516
113.52,7.33,436.7,C,10.0,2.72,1.03,76.1,93.57,22.85,0,0.02289901534234028
79.07,6.45,694.5,E,40.0,2.49,13.46,85.3,62.18,40.05,0,0.05759539236861051
50.8,7.99,910.2,C,10.0,2.0,1.79,82.5,70.03,33.05,0,0.01098659635245001
48.77,3.11,959.3,F,80.0,2.28,4.92,86.5,92.04,60.09,0,0.08339414156155531
60.03,2.95,939.8,A,2.5,2.88,12.24,82.3,41.11,109.93,1,0.002660140455416046
95.91,4.35,1833.7,F,80.0,1.23,8.96,77.2,65.94,21.49,0,0.04362763810874189
115.75,3.7,1485.3,E,40.0,3.07,5.9,84.7,13.49,89.23,1,0.026930586413519156
109.22,9.04,1294.2,B,5.0,4.12,7.1,77.6,26.81,85.6,1,0.0038633905115129036
63.59,4.14,756.9,A,2.5,3.92,12.82,88.1,84.81,20.53,0,0.0033029462280354076
144.58,9.82,1682.8,D,20.0,1.19,5.1,84.2,79.01,111.48,1,0.01188495364868077
118.55,5.03,1919.1,C,10.0,1.17,13.04,77.4,41.56,72.53,1,0.005210775884529207
96.52,3.87,1678.2,F,80.0,1.71,1.32,89.4,43.91,50.01,1,0.047670122750566084
103.41,8.42,202.8,A,2.5,2.12,11.65,82.8,58.02,93.22,1,0.012327416173570018
80.35,7.44,1345.5,F,80.0,2.34,12.71,76.1,10.02,38.31,1,0.059457450761798585
59.73,6.24,292.0,A,2.5,3.56,2.73,84.4,31.71,86.29,1,0.008561643835616438
72.72,6.67,663.7,E,40.0,0.76,6.46,78.8,28.74,14.37,0,0.060268193460901
120.94,7.89,307.1,E,40.0,0.66,2.48,87.1,32.54,102.33,1,0.1302507326603712
31.73,4.21,1286.8,E,40.0,2.26,10.6,87.3,82.53,59.3,0,0.031084861672365557
43.93,9.97,1435.9,F,80.0,3.64,8.03,89.7,35.17,80.04,1,0.05571418622466745
35.52,9.81,406.1,D,20.0,1.37,9.53,82.5,27.24,34.34,1,0.04924895345973898
34.89,7.38,890.9,E,40.0,3.39,2.95,81.8,55.38,84.48,1,0.044898417330789094
132.66,4.0,1021.2,A,2.5,1.67,3.18,86.3,87.91,94.95,1,0.0024481002741872306
114.44,7.6,864.3,E,40.0,4.49,0.62,77.0,31.72,62.05,1,0.046280226773111194
86.9,3.04,417.8,B,5.0,4.53,4.83,83.2,17.07,77.95,1,0.011967448539971278
41.74,2.73,954.1,E,40.0,1.84,8.4,83.2,42.08,60.2,1,0.041924326590504137
88.99,4.43,1552.1,F,80.0,1.53,12.87,76.3,77.29,108.35,1,0.05154307067843567
86.82,5.97,327.8,D,20.0,2.35,10.0,81.3,59.56,64.77,1,0.06101281269066504
50.78,9.01,344.3,B,5.0,1.58,6.53,87.8,83.51,102.6,1,0.014522218995062446
82.06,7.95,838.6,F,80.0,3.53,14.3,87.8,96.36,98.15,0,0.09539709038874314
77.82,8.07,1895.1,F,80.0,4.22,10.79,76.5,81.34,55.16,0,0.042214131180412645
103.9,5.69,1403.4,F,80.0,3.53,13.95,76.4,64.34,35.31,0,0.05700441784238278
106.21,5.09,1421.6,A,2.5,4.21,7.91,78.9,54.4,54.67,0,0.001758581879572313
35.44,5.28,851.5,F,80.0,2.29,3.88,88.1,13.61,100.88,1,0.09395184967704051
74.95,9.91,1268.6,A,2.5,1.2,0.79,76.9,98.59,35.04,0,0.001970676336118556
105.1,2.8,218.2,F,80.0,3.82,10.89,85.8,44.51,67.69,1,0.36663611365719523
90.38,9.0,1345.0,C,10.0,2.12,1.82,76.5,23.7,98.67,1,0.007434944237918215
132.78,6.84,1843.9,B,5.0,3.52,4.54,84.3,70.0,48.88,0,0.0027116437984706326
109.04,5.79,1302.6,C,10.0,1.72,7.99,80.3,35.59,80.64,1,0.0076769537847382165
49.55,7.94,1772.7,F,80.0,0.87,8.47,86.8,62.72,37.02,0,0.04512889941896542
38.47,6.15,1503.2,B,5.0,4.97,9.01,78.5,62.81,22.02,0,0.0033262373602980307
107.09,9.05,417.0,B,5.0,1.2,2.49,84.6,50.12,97.38,1,0.011990407673860911
33.18,9.26,1824.4,D,20.0,4.95,5.7,78.5,85.25,20.89,0,0.010962508221881165
100.29,5.66,319.6,C,10.0,4.9,9.26,85.7,33.85,39.85,1,0.03128911138923654
142.83,4.58,1161.1,D,20.0,4.07,14.55,88.1,50.38,104.06,1,0.01722504521574369
99.06,6.94,455.8,B,5.0,3.47,10.91,76.9,58.39,48.11,0,0.010969723562966213
76.58,9.34,221.1,A,2.5,3.1,13.84,88.0,69.73,117.03,1,0.011307100859339666
107.19,4.08,959.7,B,5.0,4.4,11.43,83.9,80.56,117.77,1,0.005209961446285297
84.99,7.17,731.1,D,20.0,1.8,8.88,76.9,45.53,39.51,0,0.02735603884557516
95.47,7.24,1074.8,C,10.0,2.6,2.88,81.4,68.14,14.51,0,0.009304056568663939
142.98,8.0,1239.0,F,80.0,3.29,10.0,77.4,23.55,87.56,1,0.0645682001614205
76.33,3.49,278.7,F,80.0,2.35,9.35,85.5,93.94,59.61,0,0.2870470039468963
145.34,7.87,421.4,C,10.0,2.42,9.04,86.4,44.48,21.08,0,0.02373042240151875
138.64,9.32,1205.6,F,80.0,1.99,7.35,76.6,75.66,87.83,1,0.06635700066357002
53.49,3.85,817.7,F,80.0,3.04,7.93,82.6,11.83,13.43,0,0.097835391953039
38.32,4.28,1512.5,D,20.0,4.33,5.02,87.2,28.47,105.72,1,0.013223140495867768
42.09,9.79,1374.1,C,10.0,1.41,7.79,89.0,53.84,25.25,0,0.007277490721199331
32.19,3.86,1722.1,E,40.0,4.7,2.96,82.7,89.04,24.0,0,0.023227454851634632
41.33,8.91,1446.5,A,2.5,3.6,12.08,89.3,57.45,29.32,0,0.0017283097131005876
111.96,6.19,973.9,A,2.5,4.2,2.79,83.0,93.69,115.63,1,0.0025669986651606943
38.54,4.35,1411.3,F,80.0,3.0,1.27,80.9,53.54,86.25,1,0.05668532558633884
68.28,9.03,695.7,A,2.5,4.01,6.54,87.7,54.14,98.15,1,0.003593502946672416
131.39,5.84,751.4,C,10.0,0.57,9.87,82.4,20.78,53.74,1,0.013308490817141336
32.79,6.36,1620.2,C,10.0,4.18,6.57,82.1,82.24,46.99,0,0.006172077521293667
127.74,5.19,1003.6,B,5.0,0.68,4.15,82.4,32.23,35.79,1,0.004982064567556795
63.82,6.95,1637.1,B,5.0,4.5,8.37,87.7,90.97,62.87,0,0.0030541811740272436
44.18,3.73,1680.4,A,2.5,4.96,5.21,87.5,91.97,70.7,0,0.0014877410140442752
113.61,5.43,1743.6,E,40.0,1.82,13.99,81.1,94.9,79.5,0,0.022941041523285157
105.47,9.77,1849.9,B,5.0,1.45,13.84,80.0,56.82,38.28,0,0.0027028488026379803
135.3,4.44,975.8,B,5.0,3.94,7.54,82.4,70.94,114.35,1,0.005124000819840132
118.21,7.43,774.0,C,10.0,1.64,4.92,83.6,80.07,28.67,0,0.012919896640826873
126.42,4.94,1248.0,E,40.0,4.4,11.06,78.6,21.79,116.22,1,0.03205128205128205
63.84,8.3,868.1,F,80.0,0.96,0.55,86.9,64.09,11.63,0,0.09215528164957953
51.29,3.48,1281.9,A,2.5,1.07,7.12,82.3,13.09,62.92,1,0.0019502301271550043
120.07,9.77,1470.1,B,5.0,4.91,5.04,80.0,54.78,46.67,0,0.0034011291748860624
126.82,5.9,1439.1,E,40.0,3.53,13.81,76.6,23.94,59.4,1,0.02779514974636926
148.86,4.27,874.2,E,40.0,4.31,0.18,78.6,26.46,72.77,1,0.045756119881034084
79.51,3.05,500.3,A,2.5,1.96,8.29,89.2,42.85,57.91,1,0.004997001798920648
74.64,3.77,975.0,E,40.0,3.54,11.11,79.6,48.92,55.63,1,0.041025641025641026
123.17,6.4,456.7,E,40.0,3.17,7.28,77.5,66.09,90.6,1,0.08758484782132692
70.9,5.03,1802.2,E,40.0,3.21,1.28,81.9,16.7,85.45,1,0.02219509488403063
141.69,8.72,822.6,B,5.0,3.57,14.59,79.6,55.33,101.66,1,0.006078288353999514
133.01,5.73,478.0,A,2.5,3.09,7.77,75.5,26.44,37.5,1,0.005230125523012552
81.48,4.37,245.8,E,40.0,2.43,9.21,79.8,61.66,77.05,1,0.16273393002441008
120.1,7.13,1362.5,E,40.0,1.74,3.55,83.2,67.37,74.37,1,0.029357798165137616
120.55,7.8,1346.4,B,5.0,3.96,7.25,83.3,60.1,50.67,0,0.0037136066547831252
42.37,3.75,813.1,A,2.5,1.52,6.44,80.3,76.45,63.47,0,0.0030746525642602386
138.31,3.76,329.1,C,10.0,3.62,1.12,81.7,40.2,44.52,1,0.030385900941962928
90.63,2.78,937.3,B,5.0,1.55,1.59,89.5,78.86,25.6,0,0.00533447135388883
129.17,8.02,760.2,A,2.5,3.31,12.56,80.7,48.95,33.52,0,0.003288608260983951
68.41,7.48,1418.8,E,40.0,3.86,3.6,78.9,53.58,21.61,0,0.028192839018889203
137.46,6.06,1290.4,A,2.5,1.48,2.92,78.7,68.33,85.14,1,0.0019373837569745813
76.7,8.83,856.3,A,2.5,0.77,7.57,81.9,11.65,82.68,1,0.0029195375452528323
31.3,8.54,592.2,F,80.0,1.09,11.53,86.4,68.86,114.57,1,0.13508949679162444
138.65,6.89,1978.5,A,2.5,3.23,0.93,78.1,65.67,90.26,1,0.0012635835228708618
40.95,9.01,1017.2,C,10.0,4.32,8.65,85.6,37.89,15.73,0,0.009830908375933936
68.32,4.04,1438.9,A,2.5,0.7,1.79,75.3,17.72,107.27,1,0.0017374383209396065
144.01,3.34,453.0,C,10.0,3.8,0.55,81.3,18.18,104.89,1,0.02207505518763797
144.07,4.52,1074.1,E,40.0,2.04,0.79,86.6,93.09,58.77,0,0.03724048040219719
98.81,2.93,249.6,C,10.0,2.65,12.51,80.1,72.04,74.44,1,0.04006410256410257
105.82,6.48,1109.8,E,40.0,4.68,1.77,83.5,21.44,117.37,1,0.03604253018561903
83.81,9.52,1935.2,E,40.0,1.99,0.68,78.1,42.11,68.55,1,0.02066969822240595
65.19,2.8,891.6,C,10.0,2.59,6.57,86.1,63.32,109.59,1,0.011215791834903543
69.44,3.42,270.2,B,5.0,0.56,12.66,75.8,85.2,19.13,0,0.018504811250925242
110.7,5.89,255.7,D,20.0,0.87,3.94,87.8,13.93,31.02,1,0.07821666014861166
120.28,9.5,898.4,A,2.5,1.66,6.33,78.0,31.3,58.48,1,0.0027827248441674086
124.99,4.87,488.0,F,80.0,0.63,0.6,88.1,90.08,74.32,0,0.16393442622950818
124.75,6.3,242.0,D,20.0,3.34,6.74,80.3,10.82,99.79,1,0.08264462809917356
40.94,2.81,1561.2,A,2.5,2.42,8.66,85.8,28.13,118.71,1,0.001601332308480656
89.33,3.61,1025.3,A,2.5,2.97,8.56,79.8,96.31,52.77,0,0.0024383107383204915
36.91,9.9,720.6,E,40.0,1.29,4.99,88.6,65.21,15.22,0,0.055509297807382736
95.94,9.74,1820.1,A,2.5,1.83,4.73,76.9,33.55,98.13,1,0.0013735509037964948
82.98,2.54,409.1,F,80.0,3.49,1.6,77.7,16.03,76.48,1,0.1955512099731117
136.52,9.64,1920.7,A,2.5,4.84,5.5,82.4,12.54,31.84,1,0.0013016087884625397
72.11,7.29,765.1,C,10.0,0.73,1.49,76.2,32.03,64.43,1,0.013070186903672723
44.05,9.01,1799.1,D,20.0,4.51,11.5,77.9,89.33,91.65,1,0.011116669445834029
47.16,5.91,1285.3,C,10.0,3.1,14.49,89.2,47.43,94.75,1,0.007780284758422159
121.38,6.37,1688.1,F,80.0,3.04,14.55,89.6,74.83,64.96,0,0.04739055743143179
104.19,6.17,1971.2,A,2.5,2.75,12.98,80.6,92.65,43.57,0,0.001268262987012987
42.13,7.5,719.1,F,80.0,0.81,9.01,88.8,46.72,117.11,1,0.11125017382839661
40.09,3.55,1930.0,E,40.0,0.9,10.51,83.2,27.21,82.97,1,0.02072538860103627
114.12,2.72,901.1,C,10.0,3.2,4.28,79.0,56.54,54.91,0,0.011097547442015314
38.73,4.81,893.9,C,10.0,2.03,9.46,85.5,91.73,40.85,0,0.011186933661483388
128.62,7.79,812.7,B,5.0,4.63,6.83,84.9,82.39,90.42,1,0.006152331733727082
114.75,4.01,1174.5,A,2.5,2.33,7.23,89.8,15.92,36.64,1,0.0021285653469561515
39.76,7.55,477.5,E,40.0,1.14,11.37,79.0,72.33,28.89,0,0.08376963350785341
40.18,9.77,1196.7,C,10.0,3.72,4.23,85.1,61.47,68.28,1,0.008356313194618534
148.4,3.2,1175.1,C,10.0,1.82,4.77,75.8,91.67,41.9,0,0.008509914049868096
74.91,7.54,1571.4,E,40.0,2.86,13.87,76.7,21.02,79.18,1,0.025455008272877687
74.48,5.83,1700.6,F,80.0,3.64,0.84,75.1,58.06,22.97,0,0.04704222039280254
127.54,9.01,992.8,F,80.0,4.55,7.28,90.0,89.15,82.04,0,0.08058017727639001
143.67,3.83,744.2,A,2.5,4.06,13.69,87.0,46.9,41.16,0,0.003359312012899758
148.32,7.69,666.8,B,5.0,3.54,9.16,86.8,53.38,10.03,0,0.007498500299940013
120.41,8.79,550.3,C,10.0,3.56,8.2,82.6,16.34,23.96,1,0.01817190623296384
75.15,9.58,303.8,B,5.0,4.76,3.75,79.5,35.03,112.7,1,0.016458196181698484
40.02,7.62,816.4,F,80.0,1.83,5.15,77.3,39.21,105.41,1,0.09799118079372857
123.26,6.23,686.4,F,80.0,0.51,12.78,79.3,95.06,35.7,0,0.11655011655011656
97.01,7.13,1939.6,D,20.0,1.72,8.39,80.6,35.44,95.62,1,0.01031140441328109
80.91,9.02,1203.9,A,2.5,1.48,7.72,86.3,51.48,76.94,1,0.002076584433923083
138.76,6.78,825.1,D,20.0,3.48,1.49,83.1,70.42,116.8,1,0.024239486122894192
43.34,2.73,1244.8,D,20.0,3.35,0.24,76.2,24.6,51.1,1,0.016066838046272493
89.12,9.48,450.6,D,20.0,3.17,14.46,75.3,53.78,84.96,1,0.044385264092321346
31.36,7.67,999.3,A,2.5,0.57,5.65,76.5,76.47,16.99,0,0.002501751225858101
86.24,7.57,1327.2,A,2.5,3.78,9.05,81.2,88.02,53.59,0,0.0018836648583484025
36.76,4.12,1080.0,E,40.0,1.96,1.2,89.0,66.36,116.02,1,0.037037037037037035
44.26,7.44,923.2,B,5.0,3.49,10.25,84.6,70.21,69.29,0,0.005415944540727902
44.1,5.45,1988.9,B,5.0,3.0,13.99,87.0,21.37,41.67,1,0.0025139524360199106
107.91,7.38,1784.6,E,40.0,2.04,8.63,82.0,95.12,23.23,0,0.02241398632746834
119.53,3.3,1322.1,E,40.0,1.11,1.89,80.4,21.93,87.39,1,0.030254897511534682
100.0,7.43,1224.9,F,80.0,0.92,8.73,76.6,79.72,80.93,0,0.06531145399624459
145.46,10.0,1317.2,D,20.0,4.24,11.5,88.1,33.83,51.13,1,0.015183723048891588
74.98,2.86,562.4,E,40.0,4.63,6.1,86.7,94.02,114.6,1,0.07112375533428165
64.29,9.83,911.2,C,10.0,3.42,13.2,77.5,74.8,12.44,0,0.010974539069359086
134.23,5.55,271.0,B,5.0,0.97,9.73,82.7,77.84,43.41,0,0.01845018450184502
56.83,9.03,1056.0,E,40.0,2.31,13.49,82.3,29.72,111.32,1,0.03787878787878788
145.59,8.37,1177.4,C,10.0,3.78,9.35,84.4,49.87,45.3,0,0.008493290300662476
31.46,6.75,609.9,C,10.0,4.01,1.97,89.2,65.6,37.75,0,0.016396130513198885
146.39,8.04,1935.3,C,10.0,1.03,4.65,83.7,79.3,68.76,0,0.005167157546633597
35.18,9.09,1837.0,F,80.0,0.5,3.03,83.1,19.36,100.62,1,0.043549265106151334
136.94,5.53,1499.9,F,80.0,3.7,13.63,75.8,96.61,21.35,0,0.05333688912594173
93.32,4.95,1160.1,C,10.0,2.1,11.41,75.9,90.12,113.73,1,0.00861994655633135
149.16,7.51,1765.9,F,80.0,1.65,10.15,77.8,34.33,97.46,1,0.04530267852086754
38.86,8.56,435.2,D,20.0,0.56,4.51,75.5,84.05,29.94,0,0.04595588235294118
96.46,8.22,1622.9,C,10.0,2.93,2.76,86.2,56.65,88.32,1,0.00616180910715386
146.32,8.48,424.7,D,20.0,4.33,11.35,85.8,51.56,52.35,0,0.04709206498704968
92.77,5.77,1629.6,D,20.0,4.81,7.11,77.0,38.3,54.25,1,0.012272950417280316
105.53,8.63,696.4,C,10.0,3.05,3.39,87.5,62.29,96.16,1,0.014359563469270534
113.49,3.4,1778.8,B,5.0,2.82,9.25,77.3,75.69,115.91,1,0.0028108837418484374
84.54,6.58,1899.3,C,10.0,0.88,0.61,79.5,46.98,23.93,0,0.005265097667561733
105.31,2.54,467.8,C,10.0,2.97,4.89,78.7,66.63,56.27,0,0.021376656690893545
100.12,4.93,1032.8,F,80.0,2.21,7.03,80.6,72.94,62.9,0,0.07745933384972889
138.14,5.25,1965.8,C,10.0,3.23,2.22,78.8,74.0,51.39,0,0.005086987486010785
35.45,5.47,1070.1,B,5.0,2.25,14.77,82.3,14.68,49.95,1,0.004672460517708626
63.72,7.72,1754.4,F,80.0,1.58,3.14,81.1,87.38,15.75,0,0.045599635202918376
144.05,5.41,1259.7,A,2.5,0.93,1.96,89.8,51.24,85.41,1,0.001984599507819322
136.83,5.87,875.6,A,2.5,1.92,3.05,75.8,33.62,57.98,1,0.002855185015989036
84.68,4.28,714.4,D,20.0,0.93,11.54,77.1,31.76,31.43,0,0.027995520716685332
104.42,5.3,565.8,D,20.0,1.3,6.38,75.8,53.47,99.76,1,0.03534817956875221
63.29,4.2,1571.2,B,5.0,4.94,8.48,84.4,89.81,98.28,1,0.0031822810590631362
52.57,3.05,895.8,E,40.0,2.5,0.32,75.8,44.05,63.5,1,0.044652824291136414
85.64,7.03,1120.3,A,2.5,2.89,0.52,87.5,77.48,42.83,0,0.0022315451218423636
72.4,7.51,1086.2,D,20.0,4.43,6.69,82.7,18.71,80.19,1,0.018412815319462345
100.04,7.15,1239.1,A,2.5,4.98,12.25,82.9,52.85,41.7,0,0.002017593414575095
39.33,5.98,1758.0,B,5.0,3.12,13.28,83.4,99.25,35.96,0,0.002844141069397042
146.93,5.35,1965.3,B,5.0,4.16,1.3,77.6,79.34,90.36,1,0.0025441408436371036
148.35,8.98,933.7,E,40.0,1.97,8.08,78.0,28.95,14.44,0,0.04284031273428296
113.78,6.39,1689.5,E,40.0,1.88,13.7,79.8,55.13,20.42,0,0.02367564368156259
94.33,6.09,1576.2,F,80.0,2.31,5.82,83.9,31.03,10.75,0,0.05075498033244512
67.14,2.69,1232.4,B,5.0,3.53,12.44,78.2,46.86,26.82,0,0.004057124310288867
127.66,5.06,1920.9,D,20.0,3.57,2.01,76.7,80.21,17.59,0,0.010411786141912644
112.17,5.35,560.9,A,2.5,1.92,14.03,89.6,79.41,119.54,1,0.004457122481725798
49.51,5.49,396.7,C,10.0,1.1,11.27,75.3,30.53,41.77,1,0.025207965717166627
139.31,6.85,1737.1,E,40.0,3.35,14.12,87.0,93.0,26.42,0,0.023026883886938
128.7,6.5,990.5,C,10.0,1.08,10.15,86.8,63.33,36.51,0,0.010095911155981827
143.98,7.06,1724.5,D,20.0,3.1,5.45,79.5,44.19,112.97,1,0.011597564511452595
117.09,8.24,1807.6,E,40.0,3.62,14.07,77.0,55.17,67.22,1,0.02212878955521133
103.61,8.6,312.4,C,10.0,3.65,4.13,77.2,64.46,50.13,0,0.03201024327784891
80.19,7.89,1790.2,D,20.0,3.89,4.98,85.5,60.39,106.07,1,0.011171936096525528
141.93,9.67,1007.0,A,2.5,4.43,10.51,84.6,53.78,53.45,0,0.0024826216484607746
133.93,2.64,1118.8,D,20.0,2.75,11.48,86.7,55.44,46.85,0,0.01787629603146228
35.43,3.97,1327.9,F,80.0,3.79,13.94,89.1,25.88,32.8,1,0.06024550041418781
33.16,2.56,1867.5,E,40.0,3.29,3.07,85.4,83.15,51.56,0,0.0214190093708166
75.18,7.36,234.4,B,5.0,1.34,11.97,77.3,58.76,44.84,0,0.021331058020477814
127.27,9.24,1058.3,A,2.5,0.62,11.08,78.7,21.8,84.5,1,0.0023622791269016347
148.47,4.33,1437.9,C,10.0,1.78,0.96,87.6,78.95,41.85,0,0.006954586549829612
48.05,9.45,1500.9,E,40.0,2.49,5.81,78.1,93.92,73.49,0,0.026650676260910118
101.3,2.95,1446.6,B,5.0,3.28,4.24,76.1,95.26,17.25,0,0.0034563804783630586
75.71,9.51,442.0,D,20.0,4.32,4.57,85.5,43.21,31.04,0,0.04524886877828054
146.39,5.14,738.9,B,5.0,1.38,14.74,81.0,22.2,54.81,1,0.006766815536608472
131.05,3.26,845.7,E,40.0,1.06,9.64,88.8,56.66,113.06,1,0.04729809625162587
130.6,6.14,1648.0,E,40.0,4.84,10.77,84.8,20.13,51.5,1,0.024271844660194174
86.24,4.43,701.8,F,80.0,0.99,14.65,76.4,94.06,83.05,0,0.11399259048161871
79.78,4.64,579.3,F,80.0,2.65,5.66,89.2,26.52,38.06,1,0.13809770412566894
62.81,4.8,1923.4,B,5.0,3.14,12.03,78.9,32.75,23.97,0,0.0025995632733700736
36.77,8.52,216.0,D,20.0,2.94,6.52,80.1,46.6,16.44,0,0.09259259259259259
133.77,6.54,1996.1,B,5.0,0.89,13.04,81.0,44.48,43.6,0,0.002504884524823406
127.55,4.83,1418.3,E,40.0,0.76,2.71,75.8,81.52,27.34,0,0.028202777973630404
149.97,7.08,1691.2,E,40.0,0.97,14.22,82.4,51.07,29.14,0,0.023651844843897825
149.6,7.87,730.3,C,10.0,3.14,3.28,76.8,25.37,93.68,1,0.013693002875530604
96.65,4.54,225.8,F,80.0,2.95,4.89,81.0,34.05,11.74,0,0.35429583702391493
122.28,5.6,1528.2,C,10.0,1.55,11.34,80.3,55.82,71.36,1,0.0065436461196178505
143.37,3.41,1701.5,A,2.5,3.37,5.91,86.6,23.27,51.74,1,0.0014692918013517484
131.96,3.86,1532.9,E,40.0,4.19,9.12,87.0,65.05,65.72,0,0.026094331006588818
59.68,7.61,457.1,C,10.0,0.69,6.67,77.3,60.92,71.91,1,0.021877050973528767
84.07,3.86,1556.2,B,5.0,2.74,11.14,80.5,74.32,44.47,0,0.0032129546330805807
45.5,6.44,1584.1,F,80.0,3.6,3.42,80.6,94.39,42.46,0,0.0505018622561707
144.49,7.82,1385.4,F,80.0,1.64,0.88,77.3,92.1,90.67,0,0.05774505557961599
102.74,3.3,1579.0,D,20.0,1.88,4.5,87.0,95.15,105.84,1,0.01266624445851805
57.44,6.75,1722.7,B,5.0,3.26,7.11,85.6,32.02,31.18,0,0.0029024206187960758
110.6,4.42,1304.5,D,20.0,4.54,2.52,77.9,21.84,20.74,0,0.015331544653123802
104.18,9.72,359.5,C,10.0,4.14,5.32,80.5,37.2,108.76,1,0.027816411682892908
72.98,6.13,1077.7,A,2.5,3.12,6.0,76.6,90.56,48.49,0,0.0023197550338684234
43.63,8.54,339.8,B,5.0,3.79,0.86,84.4,97.48,70.64,0,0.014714537963507945
110.59,6.63,933.6,B,5.0,2.14,8.75,76.8,87.34,49.55,0,0.005355612682090831
92.44,2.83,932.8,B,5.0,3.38,13.27,89.8,19.9,23.84,1,0.005360205831903946
122.68,7.25,318.8,D,20.0,2.6,2.28,86.7,95.27,74.83,0,0.06273525721455457
92.42,9.64,827.9,C,10.0,1.35,8.97,80.9,48.1,67.77,1,0.012078753472641623
132.26,7.01,399.8,B,5.0,3.66,9.97,83.7,10.84,32.33,1,0.01250625312656328
96.23,8.64,1654.8,B,5.0,3.0,6.29,88.7,49.82,59.71,1,0.003021513173797438
97.31,9.13,1905.8,F,80.0,2.11,10.52,83.3,14.15,97.66,1,0.0419771224682548
135.2,4.21,330.2,A,2.5,4.6,6.16,77.6,58.95,74.95,1,0.007571168988491824
78.42,4.09,1919.2,F,80.0,0.59,7.57,80.7,40.47,20.66,0,0.041684035014589414
46.08,7.08,1140.6,F,80.0,1.92,0.11,87.6,52.61,70.28,1,0.07013852358407856
33.45,5.58,739.2,A,2.5,0.76,10.38,84.7,65.19,87.3,1,0.003382034632034632
120.62,8.8,338.4,C,10.0,3.95,9.92,84.8,88.19,97.2,1,0.02955082742316785
104.44,9.25,1101.1,F,80.0,3.66,0.58,88.0,69.57,79.2,1,0.07265461810916357
114.49,5.15,1630.1,C,10.0,1.99,5.52,88.4,49.06,26.79,0,0.006134592969756457
55.56,4.28,1472.8,F,80.0,3.54,14.69,88.8,83.75,88.12,1,0.054318305268875614
46.36,8.35,290.4,E,40.0,2.28,6.31,76.4,91.5,84.51,0,0.13774104683195593
31.75,4.56,331.2,A,2.5,3.9,7.53,83.2,20.78,12.69,0,0.007548309178743962
72.07,8.67,925.2,F,80.0,2.54,13.65,86.1,57.87,55.29,0,0.08646779074794639
100.79,5.68,731.5,E,40.0,2.36,10.76,86.4,35.61,46.62,1,0.05468215994531784
77.07,7.51,618.3,D,20.0,4.71,8.73,84.1,14.24,83.64,1,0.03234675723758693
82.5,3.22,705.8,E,40.0,1.63,11.97,77.5,70.17,33.77,0,0.056673278549164076
138.5,7.18,1646.3,B,5.0,1.04,12.97,87.0,87.65,75.0,0,0.0030371135273036505
71.79,5.89,1872.6,F,80.0,3.13,6.85,85.8,24.66,110.45,1,0.04272134999465983
91.68,6.9,929.2,E,40.0,4.86,7.13,76.3,83.12,97.76,1,0.04304778303917348
124.04,3.76,1831.0,C,10.0,2.2,5.79,82.0,86.81,111.36,1,0.005461496450027308
77.59,8.03,778.7,D,20.0,0.78,14.5,77.6,92.29,117.64,1,0.025683832027738537
104.65,8.97,1057.6,F,80.0,2.03,10.46,80.1,33.88,11.17,0,0.07564296520423601
133.48,4.13,606.9,B,5.0,2.78,1.25,75.3,91.36,78.5,0,0.008238589553468446
143.94,3.22,1352.9,E,40.0,1.23,12.94,81.0,38.86,55.41,1,0.029566117229654812
47.65,2.68,1962.2,D,20.0,3.46,7.21,83.2,59.71,104.58,1,0.010192640913260626
141.19,7.31,1286.3,F,80.0,4.99,1.03,84.3,14.55,37.7,1,0.06219388945036151
89.05,7.05,844.1,D,20.0,2.53,8.25,85.0,13.95,117.91,1,0.023693875133278048
60.99,6.6,1366.1,B,5.0,2.1,6.26,87.5,74.83,77.51,1,0.0036600541688016986
85.1,4.24,421.3,E,40.0,2.3,13.17,78.2,50.0,97.29,1,0.09494422027059103
147.6,5.43,1799.6,D,20.0,1.02,3.06,76.8,33.07,19.42,0,0.011113580795732386
89.11,6.96,1105.6,D,20.0,4.47,12.4,87.8,27.14,30.18,1,0.018089725036179453
69.45,6.23,1008.8,A,2.5,2.37,8.37,77.3,70.3,93.42,1,0.002478191911181602
106.01,9.91,1254.6,D,20.0,2.24,0.82,89.6,10.04,12.42,1,0.015941335883947076
58.82,3.52,1324.6,A,2.5,3.47,14.58,87.6,82.53,99.86,1,0.0018873622225577533
39.1,7.71,329.2,E,40.0,2.49,7.69,82.5,17.13,11.53,0,0.12150668286755772
45.47,5.53,1428.7,F,80.0,3.42,4.36,89.7,27.23,82.28,1,0.05599496045355918
45.37,5.71,635.5,F,80.0,0.78,7.04,76.5,44.76,50.16,1,0.12588512981904013
48.23,7.88,1485.1,E,40.0,4.16,12.87,79.5,53.64,77.26,1,0.026934213184297354
46.66,7.69,1680.6,E,40.0,4.73,4.57,84.6,41.95,86.56,1,0.023801023444008095
106.9,9.93,1647.1,C,10.0,3.42,2.89,80.3,38.86,47.67,1,0.006071276789508834
51.83,3.46,1194.5,E,40.0,4.8,1.94,88.9,96.75,21.88,0,0.033486814566764334
71.48,3.28,1136.3,D,20.0,1.18,4.47,76.0,67.74,17.66,0,0.01760098565519669
137.61,7.93,457.2,F,80.0,2.65,11.7,83.2,12.11,74.78,1,0.17497812773403326
86.88,6.84,1595.6,B,5.0,3.21,7.07,83.9,48.72,67.27,1,0.0031336174479819506
110.11,4.56,688.5,F,80.0,3.12,3.41,84.8,88.75,91.64,1,0.11619462599854757
50.68,3.1,1094.1,A,2.5,2.31,2.49,78.8,37.13,66.07,1,0.0022849830911251257
53.07,3.14,711.7,F,80.0,2.02,4.99,80.5,18.51,56.47,1,0.11240691302515105
34.9,9.21,440.9,C,10.0,1.07,14.1,87.7,78.25,53.79,0,0.022680880018144705
50.27,3.94,1333.2,E,40.0,2.26,5.15,77.9,64.54,12.91,0,0.030003000300030003
63.43,4.93,297.8,E,40.0,1.23,14.82,87.4,61.33,46.91,0,0.1343183344526528
51.24,4.2,1547.6,F,80.0,3.8,7.28,83.4,14.82,117.36,1,0.051692943913155855
40.64,5.16,771.7,B,5.0,1.44,2.69,86.4,22.64,106.09,1,0.006479201762342879
44.48,3.02,200.2,B,5.0,0.76,13.37,85.7,66.03,46.23,0,0.024975024975024976
85.29,6.39,1120.0,C,10.0,2.99,6.91,78.1,28.7,74.66,1,0.008928571428571428
54.76,3.01,284.3,A,2.5,3.18,10.65,83.5,55.37,103.2,1,0.008793527963418923
73.71,8.5,697.1,F,80.0,4.42,14.76,88.0,59.04,58.54,0,0.11476115334959117
90.41,4.25,1472.6,E,40.0,3.1,0.75,81.5,35.52,11.98,0,0.027162841233192993
112.85,6.55,312.8,F,80.0,2.05,1.45,89.5,95.36,18.2,0,0.2557544757033248
34.72,9.1,1710.8,C,10.0,4.11,10.81,81.8,85.82,66.14,0,0.005845218611176058
125.93,7.38,206.9,D,20.0,2.93,4.23,77.1,75.01,116.64,1,0.09666505558240696
105.35,6.5,644.3,D,20.0,0.86,2.76,80.8,17.02,86.25,1,0.03104144032283098
39.81,4.93,1533.6,C,10.0,3.05,0.59,89.3,19.55,17.8,0,0.006520605112154409
134.83,5.0,769.3,E,40.0,4.59,0.33,79.8,54.35,30.83,0,0.051995320421162096
140.5,7.52,383.4,C,10.0,2.28,11.62,88.0,24.46,94.85,1,0.026082420448617635
37.33,9.96,848.4,E,40.0,1.83,2.02,88.2,98.04,102.56,1,0.04714757190004715
63.23,7.46,686.7,B,5.0,1.15,7.02,80.3,24.27,77.95,1,0.0072811999417504
126.74,6.68,1716.9,C,10.0,1.18,9.09,76.2,53.87,80.89,1,0.005824451045488962
119.79,7.98,764.0,E,40.0,2.45,6.43,85.9,42.77,13.12,0,0.05235602094240838
52.14,5.99,1620.1,C,10.0,3.18,0.41,79.7,67.54,101.14,1,0.006172458490216653
55.12,2.95,1805.4,C,10.0,0.86,11.75,86.7,21.61,96.71,1,0.005538938739337543
74.46,6.72,980.9,E,40.0,4.73,0.16,81.6,48.73,38.49,0,0.04077887654195127
88.14,9.68,1837.9,E,40.0,3.9,11.43,82.3,34.72,87.95,1,0.02176396974808205
104.19,3.81,879.2,A,2.5,3.14,13.4,86.7,89.9,33.63,0,0.002843494085532302
74.27,7.68,1935.3,C,10.0,4.23,6.49,80.7,13.65,14.44,0,0.005167157546633597
85.5,4.01,360.7,D,20.0,0.86,8.03,81.6,92.24,32.13,0,0.05544774050457444
119.7,6.52,1436.6,C,10.0,2.65,7.15,80.6,84.97,29.65,0,0.0069608798552137
34.4,3.23,1088.9,C,10.0,3.34,5.84,80.5,36.78,47.15,1,0.00918357975939021
60.29,5.88,897.8,E,40.0,4.23,13.31,82.9,81.04,56.03,0,0.044553352639786145
115.6,8.17,1338.9,C,10.0,4.03,13.41,87.1,12.81,65.94,1,0.0074688176861602805
137.42,5.11,1466.9,F,80.0,1.75,5.04,80.4,97.02,62.44,0,0.05453677823982548
91.4,7.49,207.9,C,10.0,4.73,9.23,82.9,57.39,39.77,0,0.0481000481000481
93.85,8.47,500.5,F,80.0,1.06,13.9,85.1,37.3,13.21,0,0.15984015984015984
42.86,9.45,1483.5,D,20.0,4.44,14.43,79.0,42.63,76.56,1,0.013481631277384564
83.69,4.26,1399.5,E,40.0,4.87,7.63,79.2,15.98,53.53,1,0.0285816362986781
93.91,5.49,1938.9,C,10.0,1.3,6.79,89.0,99.04,42.85,0,0.005157563566970963
59.1,3.64,1569.9,F,80.0,3.75,4.18,85.9,13.54,105.36,1,0.05095865978724759
62.31,9.94,1911.4,F,80.0,0.68,14.38,83.7,68.94,92.14,1,0.04185413832792717
75.27,9.45,1464.6,F,80.0,2.32,2.14,84.7,49.85,104.35,1,0.05462242250443808
32.41,6.55,736.5,B,5.0,2.82,8.7,75.4,95.4,64.45,0,0.006788866259334691
68.65,8.82,389.7,A,2.5,3.11,4.24,84.3,32.14,24.4,0,0.006415191172696947
55.37,6.41,1607.3,D,20.0,4.71,4.19,82.6,57.89,86.58,1,0.01244322777328439
69.3,7.18,1359.5,C,10.0,3.53,6.07,83.2,53.41,32.67,0,0.00735564545788893
44.37,3.17,286.7,B,5.0,2.67,14.98,80.4,73.26,58.54,0,0.017439832577607256
136.86,8.16,848.1,C,10.0,4.14,0.82,76.2,16.12,17.15,0,0.011791062374719961
101.23,3.46,1922.2,C,10.0,4.78,8.68,77.9,27.44,100.78,1,0.005202372281760482
111.49,8.7,1100.7,E,40.0,0.6,1.24,89.3,29.31,23.85,0,0.03634051058417371
124.7,8.37,978.9,E,40.0,4.92,2.32,81.1,76.43,109.34,1,0.04086219225661457
89.81,7.82,1023.9,E,40.0,0.89,6.59,82.0,27.02,105.07,1,0.03906631506983104
40.43,2.77,576.0,B,5.0,4.16,7.66,75.8,61.61,61.1,0,0.008680555555555556
94.45,4.77,863.7,C,10.0,1.76,3.88,75.6,29.37,91.88,1,0.011578094245687159
100.42,4.47,865.7,A,2.5,1.09,4.75,85.8,87.55,78.14,0,0.002887836432944438
119.45,5.2,294.2,D,20.0,2.48,1.3,83.1,94.8,98.34,1,0.06798096532970768
81.8,3.16,1581.6,E,40.0,3.4,4.55,82.6,56.66,57.5,0,0.025290844714213456
45.31,9.53,949.7,E,40.0,2.21,14.5,78.6,41.71,96.44,1,0.04211856375697588
64.05,6.65,1679.9,C,10.0,0.75,14.17,86.2,31.07,60.87,1,0.005952735281862015
73.57,4.79,1730.6,C,10.0,3.2,5.02,77.5,14.48,113.51,1,0.005778342771293193
107.51,5.48,581.6,B,5.0,4.56,8.56,77.8,34.17,63.5,1,0.00859697386519945
98.49,5.85,1383.2,B,5.0,2.22,13.64,81.9,68.88,60.89,0,0.0036148062463851934
72.73,7.0,1050.1,E,40.0,1.47,0.09,79.3,58.03,96.36,1,0.0380916103228264
148.38,6.37,1784.3,C,10.0,2.49,12.16,78.7,94.96,100.37,1,0.005604438715462646
102.69,9.4,588.3,A,2.5,0.72,14.23,84.7,45.66,70.99,1,0.0042495325514193445
58.47,6.23,1420.1,D,20.0,4.19,1.37,84.8,72.45,29.78,0,0.014083515245405255
42.21,9.94,1294.0,C,10.0,4.22,2.42,87.4,54.04,61.45,1,0.0077279752704791345
48.34,8.89,731.5,C,10.0,3.15,14.41,81.3,56.13,116.49,1,0.01367053998632946
59.51,4.06,445.9,F,80.0,2.09,8.06,76.1,34.1,92.83,1,0.1794124243103835
49.28,9.48,1373.0,B,5.0,4.1,0.21,79.1,50.95,99.23,1,0.003641660597232338
52.39,3.37,1529.5,D,20.0,3.0,3.86,89.7,52.37,13.61,0,0.013076168682576005
64.21,8.63,768.1,E,40.0,4.22,6.75,83.9,73.6,61.46,0,0.05207655253222237
50.8,5.35,1360.7,C,10.0,3.34,10.39,85.6,94.66,81.13,0,0.0073491585213493055
137.61,9.08,911.2,E,40.0,4.03,11.0,75.1,39.64,101.3,1,0.043898156277436345
39.63,9.01,1483.8,C,10.0,3.19,14.93,82.8,13.8,15.42,0,0.0067394527564361775
92.94,8.54,558.6,E,40.0,2.36,4.31,75.6,54.67,103.77,1,0.07160759040458288
79.25,8.43,1802.4,D,20.0,4.81,8.07,83.5,59.0,70.32,1,0.011096316023080336
147.89,4.79,717.3,B,5.0,2.94,8.0,88.8,25.16,31.7,1,0.006970584134950509
43.44,3.11,862.0,D,20.0,3.22,6.08,89.5,78.44,44.9,0,0.02320185614849188
77.74,5.52,304.6,F,80.0,1.49,2.54,83.1,98.64,41.01,0,0.2626395272488509
146.34,3.8,400.7,A,2.5,3.32,14.66,81.9,95.12,68.39,0,0.006239081607187422
133.86,7.71,1128.6,B,5.0,3.07,12.8,89.2,27.74,15.69,0,0.004430267588162325
128.05,5.1,681.7,D,20.0,1.33,7.47,85.1,88.78,27.44,0,0.029338418659234266
60.95,9.82,1703.9,F,80.0,0.77,9.05,76.0,73.4,99.4,1,0.046951112154469156
50.51,7.31,226.4,A,2.5,3.22,3.41,82.0,50.85,24.59,0,0.011042402826855124
110.24,8.67,882.4,F,80.0,3.94,8.16,78.6,58.65,35.67,0,0.09066183136899365
141.53,3.49,807.2,C,10.0,2.86,10.42,82.0,86.46,59.87,0,0.012388503468780971
96.81,8.97,234.8,C,10.0,1.52,7.73,81.8,53.21,66.88,1,0.04258943781942078
98.59,9.42,423.9,E,40.0,3.5,14.85,83.7,43.59,94.0,1,0.09436187780136825
63.6,6.15,944.6,B,5.0,0.86,9.17,80.4,54.39,59.21,1,0.005293245818335803
122.34,7.05,1087.2,C,10.0,2.49,5.56,77.5,62.12,96.89,1,0.00919793966151582
52.45,8.24,927.7,F,80.0,1.24,11.58,82.6,27.02,78.02,1,0.08623477417268513
68.84,3.81,1155.7,B,5.0,1.33,2.56,87.5,91.08,22.44,0,0.004326382279138184
81.05,6.27,1271.2,C,10.0,1.41,5.77,85.0,70.68,27.2,0,0.007866582756450597
90.91,5.49,217.9,E,40.0,2.24,5.2,80.1,66.99,58.07,0,0.18357044515832951
59.09,3.6,1035.4,D,20.0,0.73,6.48,89.0,18.95,53.66,1,0.019316206297083253
43.78,5.26,1934.3,E,40.0,2.29,11.73,88.7,64.38,91.79,1,0.020679315514656467
103.27,3.01,1134.3,A,2.5,2.8,7.26,78.1,20.89,73.88,1,0.0022040024684827648
64.64,2.69,1419.6,C,10.0,2.67,11.91,75.6,17.08,52.69,1,0.007044237813468583
99.75,3.51,761.4,A,2.5,2.22,8.65,86.1,57.46,28.78,0,0.003283425269240872
48.52,9.72,1593.2,A,2.5,4.28,5.13,87.4,46.25,34.95,0,0.0015691689681144865
87.74,6.62,1591.3,F,80.0,1.15,12.15,89.5,62.99,73.31,1,0.05027336140262678
93.91,9.74,1138.3,B,5.0,2.78,3.57,88.3,18.03,56.58,1,0.004392515154177282
36.22,5.74,1956.8,F,80.0,0.78,3.37,84.0,48.79,66.64,1,0.04088307440719542
70.39,4.84,426.0,C,10.0,0.82,7.57,83.0,25.73,28.77,1,0.023474178403755867
46.13,6.3,230.5,A,2.5,3.08,3.91,75.4,98.84,82.92,0,0.010845986984815618
37.6,5.8,1586.3,D,20.0,3.05,0.14,78.7,60.5,103.78,1,0.012607955619996218
148.8,3.29,1652.9,A,2.5,4.45,9.72,81.9,71.87,38.37,0,0.001512493193780628
68.68,7.31,416.4,D,20.0,3.01,7.67,84.4,39.29,64.07,1,0.04803073967339097
127.18,4.12,678.0,F,80.0,4.82,6.68,83.4,18.53,117.31,1,0.11799410029498525
60.56,7.15,231.6,F,80.0,0.72,14.5,86.1,97.83,46.66,0,0.3454231433506045
111.78,7.38,728.0,B,5.0,0.94,8.57,79.2,35.76,75.46,1,0.006868131868131868
121.23,3.64,1591.7,A,2.5,0.7,12.95,83.5,48.14,19.92,0,0.0015706477351259658
101.48,2.96,1132.3,E,40.0,1.33,2.09,76.3,68.49,76.66,1,0.03532632694515588
86.59,8.36,826.6,F,80.0,2.94,8.54,81.2,12.22,19.86,1,0.09678199854827002
79.42,5.95,869.1,F,80.0,3.41,13.02,86.3,82.92,115.52,1,0.09204924634679554
71.86,2.94,202.4,B,5.0,0.71,8.75,85.4,58.29,88.72,1,0.024703557312252964
141.54,9.96,739.6,D,20.0,4.76,10.77,89.9,35.04,96.7,1,0.02704164413196322
129.67,2.93,1363.6,B,5.0,4.29,5.58,79.2,15.54,87.45,1,0.003666764447051922
145.8,7.71,1953.5,A,2.5,1.83,1.39,82.5,24.62,74.87,1,0.001279754287176862
44.92,9.88,1724.7,C,10.0,0.85,6.87,79.9,90.55,59.49,0,0.0057981098161999185
117.7,4.29,242.5,C,10.0,1.26,5.92,81.6,71.74,104.42,1,0.041237113402061855
142.6,3.57,1817.4,D,20.0,1.07,13.01,87.9,32.49,115.25,1,0.011004732034774953
51.75,3.41,1609.8,F,80.0,1.05,3.66,85.3,15.9,64.89,1,0.04969561436203255
37.98,4.77,1604.7,D,20.0,2.83,14.5,88.2,72.16,112.47,1,0.012463388795413472
118.93,3.26,1024.4,F,80.0,1.61,14.37,78.1,61.52,74.17,1,0.07809449433814915
98.94,7.69,916.4,F,80.0,2.11,3.71,88.1,46.41,69.22,1,0.08729812309035356
131.02,2.97,745.2,C,10.0,4.95,5.22,75.9,42.73,59.99,1,0.013419216317767041
46.77,6.32,318.3,D,20.0,3.58,13.43,88.3,29.51,33.02,1,0.06283380458686773
125.43,9.98,610.8,B,5.0,4.77,14.5,79.9,70.27,10.41,0,0.008185985592665358
54.2,8.6,643.9,F,80.0,1.14,6.65,79.7,97.36,36.57,0,0.12424289485945023
49.64,7.11,1071.3,E,40.0,2.22,4.81,82.7,25.81,66.07,1,0.037337813870997855
49.71,4.8,1545.4,E,40.0,3.0,7.89,89.1,63.74,51.8,0,0.025883266468228288
127.75,7.18,1052.9,B,5.0,0.85,10.32,75.7,48.18,59.33,1,0.004748789058790008
109.82,6.45,304.1,E,40.0,0.52,4.1,80.3,50.2,117.87,1,0.1315356790529431
92.77,5.7,1924.0,A,2.5,3.52,11.05,87.8,32.87,48.53,1,0.0012993762993762994
73.06,3.48,1896.9,F,80.0,3.39,0.77,80.9,84.26,59.74,0,0.04217407348832305
135.26,9.15,1613.3,B,5.0,2.35,0.74,78.0,53.67,24.69,0,0.003099237587553462
77.09,5.87,1984.4,D,20.0,2.7,5.79,81.4,58.91,15.28,0,0.010078613182826043
127.99,3.96,1180.1,F,80.0,2.37,5.3,80.8,37.43,95.3,1,0.06779086518091687
82.7,5.26,1933.0,B,5.0,0.61,4.73,88.7,26.36,72.78,1,0.002586652871184687
75.23,5.61,336.1,C,10.0,2.01,7.37,86.4,17.73,93.68,1,0.029753049687592976
85.52,8.71,858.2,D,20.0,1.3,4.81,82.6,74.27,26.48,0,0.02330459100442787
66.17,8.0,605.7,C,10.0,0.94,2.88,89.8,27.66,72.9,1,0.01650982334489021
119.71,8.27,552.5,F,80.0,4.81,4.64,82.0,72.11,37.9,0,0.14479638009049775
90.33,2.58,453.4,D,20.0,3.2,14.62,75.9,45.13,35.09,0,0.04411116012351125
57.87,5.62,1320.3,E,40.0,3.78,6.17,78.9,47.42,11.27,0,0.030296144815572218
137.95,6.11,1606.4,B,5.0,1.92,6.67,81.5,52.23,24.34,0,0.0031125498007968126
76.07,2.64,1240.9,F,80.0,2.27,8.65,77.4,43.09,44.02,0,0.06446933677169796
95.23,4.45,464.5,A,2.5,1.57,14.75,89.2,19.06,22.86,1,0.005382131324004306
138.78,8.2,1660.0,D,20.0,0.94,3.62,86.5,37.87,118.44,1,0.012048192771084338
104.91,3.53,1344.7,D,20.0,1.31,10.22,79.0,69.74,43.95,0,0.014873205919535955
44.03,6.51,898.7,F,80.0,4.09,10.74,83.9,69.92,24.34,0,0.08901746967842439
142.78,4.11,1413.4,F,80.0,3.55,9.11,85.8,35.76,31.9,0,0.056601103721522564
105.32,2.59,667.8,C,10.0,2.96,1.33,89.1,51.41,74.65,1,0.01497454327643007
70.19,4.31,821.3,E,40.0,2.64,10.15,88.2,27.41,17.04,0,0.04870327529526361
46.71,9.82,1851.5,C,10.0,4.65,0.96,82.7,28.93,104.87,1,0.0054010261949770455
125.28,8.51,722.9,C,10.0,0.83,8.94,86.6,12.07,115.76,1,0.013833171946327293
104.41,9.7,1046.0,E,40.0,1.76,11.09,83.4,90.71,37.14,0,0.03824091778202677
94.02,6.16,1802.3,A,2.5,2.07,3.16,83.3,28.96,59.51,1,0.0013871164622981747
137.27,3.32,1473.9,C,10.0,4.02,12.62,76.7,30.48,12.43,0,0.00678472080873872
124.63,6.61,312.0,C,10.0,4.97,0.46,76.9,35.16,80.48,1,0.03205128205128205
48.2,5.91,465.1,D,20.0,1.58,12.66,82.9,21.47,55.53,1,0.043001505052676844
67.41,8.83,214.1,E,40.0,4.43,6.9,79.0,67.53,39.71,0,0.18682858477347034
59.82,3.24,1335.7,B,5.0,4.24,3.26,75.3,16.76,32.75,1,0.0037433555439095605
119.27,6.16,1005.8,A,2.5,1.51,2.01,85.8,22.08,81.94,1,0.00248558361503281
34.02,3.63,441.7,A,2.5,2.3,14.3,75.5,68.03,55.78,0,0.005659950192438307
98.39,4.94,1924.3,E,40.0,2.34,1.09,83.9,40.57,29.76,0,0.020786779608169204
121.5,8.03,1153.4,F,80.0,4.9,2.99,83.1,73.72,85.8,1,0.0693601525923357
135.21,6.07,635.4,F,80.0,1.31,5.22,89.5,60.17,72.16,1,0.12590494176896444
71.05,5.32,1101.1,D,20.0,4.1,9.3,82.3,33.04,104.45,1,0.018163654527290893
128.55,5.46,1423.3,D,20.0,2.0,8.17,76.0,68.57,22.92,0,0.014051851331412913
43.28,5.95,337.2,E,40.0,3.79,1.88,83.3,20.46,96.42,1,0.11862396204033215
131.57,8.39,694.5,D,20.0,2.39,4.35,87.6,58.28,84.09,1,0.028797696184305256
45.3,9.19,1652.5,A,2.5,3.1,3.58,90.0,49.34,22.65,0,0.0015128593040847202
77.67,9.67,1027.4,A,2.5,4.25,3.2,81.5,34.11,86.43,1,0.002433326844461748
125.68,8.4,1183.8,B,5.0,4.12,6.17,79.8,64.36,58.57,0,0.004223686433519175
47.99,4.87,979.1,F,80.0,4.4,10.56,88.6,88.42,113.95,1,0.08170769073639056
57.51,7.66,279.0,E,40.0,0.77,3.26,77.9,99.9,25.58,0,0.14336917562724014
116.67,5.78,498.3,C,10.0,3.61,5.5,84.2,64.7,80.71,1,0.02006823198876179
116.4,4.41,1002.0,F,80.0,1.13,5.86,81.1,46.42,52.02,1,0.07984031936127745
106.94,8.81,576.5,C,10.0,2.37,14.65,75.6,30.27,115.25,1,0.017346053772766695
113.27,2.79,290.0,B,5.0,2.97,14.32,80.2,33.14,46.3,1,0.017241379310344827
95.13,9.26,1718.6,B,5.0,2.31,12.0,79.0,53.15,115.84,1,0.0029093448155475387
60.22,5.96,1966.1,D,20.0,2.84,3.62,85.3,43.05,109.16,1,0.010172422562433244
71.48,7.28,1627.7,B,5.0,4.98,1.02,89.2,92.24,39.74,0,0.0030718191312895495
51.79,7.45,1736.8,B,5.0,1.11,4.75,79.0,43.15,98.39,1,0.002878857669276831
139.01,9.21,635.6,C,10.0,3.54,4.0,87.2,43.61,119.52,1,0.015733165512901194
100.01,7.28,1929.1,D,20.0,2.28,7.59,75.8,44.52,37.79,0,0.010367528899486807
78.1,7.1,554.5,B,5.0,1.1,11.67,83.1,85.3,58.05,0,0.009017132551848512
85.44,3.0,1912.6,F,80.0,1.21,12.87,76.1,68.57,67.22,0,0.041827878280874205
143.67,6.39,1990.7,B,5.0,4.77,12.67,89.0,65.28,42.44,0,0.0025116793087858543
48.4,3.63,1481.1,D,20.0,4.46,5.4,86.5,40.07,11.68,0,0.013503477145364932
100.35,8.03,1966.1,E,40.0,4.58,10.31,84.9,83.61,34.21,0,0.02034484512486649
90.71,6.34,1225.2,D,20.0,4.96,4.69,87.4,13.45,41.01,1,0.01632386549134835
103.37,7.6,667.2,C,10.0,1.44,0.91,84.7,88.37,58.8,0,0.014988009592326138
32.17,2.81,986.6,E,40.0,2.1,10.52,89.5,56.15,28.82,0,0.040543279951348064
134.65,3.14,1268.4,F,80.0,3.51,0.15,85.7,45.84,106.06,1,0.06307158625039419
141.85,7.87,331.5,A,2.5,2.68,6.14,88.9,54.75,87.54,1,0.007541478129713424
97.82,3.04,1320.2,D,20.0,2.38,4.94,82.8,70.07,19.37,0,0.015149219815179518
113.6,3.03,1966.1,C,10.0,2.11,10.4,76.8,11.15,81.51,1,0.005086211281216622
140.7,2.59,542.2,F,80.0,3.17,11.49,82.9,88.44,81.9,0,0.14754703061600885
114.87,9.67,1626.7,E,40.0,3.09,4.56,76.9,50.21,115.18,1,0.024589660047949838
48.3,8.03,1834.2,F,80.0,1.23,12.17,83.9,40.87,10.33,0,0.04361574528404754
99.15,5.15,1898.7,D,20.0,2.62,4.41,82.2,22.44,37.27,1,0.010533522936746195
102.81,4.72,1928.2,B,5.0,2.99,6.69,84.3,49.55,112.06,1,0.002593092002904263
80.9,5.12,1138.6,D,20.0,3.07,10.91,75.2,54.67,112.53,1,0.01756543123133673
118.37,8.31,1959.2,A,2.5,1.45,10.39,77.9,46.33,89.26,1,0.0012760310330747243
142.12,7.46,1563.2,D,20.0,3.84,14.81,82.4,71.08,94.23,1,0.012794268167860797
141.07,3.89,491.0,E,40.0,0.61,3.38,89.3,47.88,20.06,0,0.0814663951120163
84.1,3.81,1058.4,E,40.0,2.1,9.93,80.8,96.53,66.53,0,0.037792894935752074
43.59,3.24,1493.0,D,20.0,4.01,9.15,81.4,63.93,35.47,0,0.013395847287340924
148.18,7.45,645.2,E,40.0,3.04,13.73,85.7,82.67,29.93,0,0.0619962802231866
130.67,8.23,1353.1,B,5.0,1.68,2.35,84.1,19.84,99.13,1,0.003695218387406696
44.96,4.49,1399.9,F,80.0,3.63,11.28,79.5,45.76,24.85,0,0.05714693906707621
140.5,2.66,492.9,D,20.0,3.05,8.52,81.2,40.32,61.55,1,0.04057618178129438
134.39,3.12,1217.2,B,5.0,4.08,4.12,78.3,61.25,113.24,1,0.004107788366743345
92.26,9.76,1588.9,F,80.0,3.81,7.12,89.5,87.5,30.44,0,0.050349298256655545
100.95,4.72,1098.0,F,80.0,3.25,5.01,77.0,17.05,117.58,1,0.07285974499089254
77.88,8.27,221.8,B,5.0,2.7,8.69,80.6,16.53,119.37,1,0.022542831379621278
36.57,7.18,216.3,C,10.0,1.1,13.34,75.4,86.53,71.12,0,0.04623208506703652
70.22,5.36,842.7,D,20.0,1.68,8.54,78.3,29.16,28.72,0,0.02373323840037973
126.34,4.04,1867.1,F,80.0,2.39,9.48,86.7,70.19,44.77,0,0.04284719618659954
30.56,3.41,611.6,F,80.0,3.2,7.78,78.0,58.86,56.69,0,0.13080444735120994
70.02,7.11,1341.9,E,40.0,2.81,0.77,76.2,84.96,44.03,0,0.029808480512705862
77.78,8.31,599.7,F,80.0,1.8,3.49,82.1,21.26,40.87,1,0.13340003335000833
94.49,7.33,779.0,B,5.0,0.53,7.38,75.1,21.68,116.95,1,0.006418485237483954
140.38,6.48,1726.5,F,80.0,2.73,4.65,76.3,60.11,26.87,0,0.046336518969012454
71.56,2.81,1512.0,C,10.0,1.79,2.73,87.1,95.17,90.67,0,0.006613756613756613
71.63,9.76,371.7,D,20.0,3.81,7.56,86.6,47.35,10.05,0,0.053806833467850416
118.5,8.49,971.7,D,20.0,0.61,4.84,88.7,39.42,75.58,1,0.020582484305855717
84.27,4.7,252.5,F,80.0,3.13,3.87,87.8,64.6,110.75,1,0.31683168316831684
56.95,9.85,1065.6,A,2.5,4.74,6.96,85.2,93.74,41.67,0,0.002346096096096096
84.29,7.01,1392.4,A,2.5,1.28,2.0,75.8,85.32,30.41,0,0.0017954610744039068
46.9,6.87,413.3,B,5.0,2.62,13.92,86.7,99.59,81.68,0,0.012097749818533753
51.17,8.11,720.0,A,2.5,0.91,13.02,87.7,12.03,88.39,1,0.003472222222222222
89.8,8.59,916.1,B,5.0,3.32,10.61,87.0,20.16,85.68,1,0.005457919441109049
80.27,7.42,1855.2,E,40.0,2.98,1.59,82.6,64.85,45.12,0,0.021561017680034496
139.78,3.46,1987.9,B,5.0,2.33,11.64,78.5,83.85,37.74,0,0.002515217063232557
73.49,5.04,280.8,A,2.5,2.85,12.12,87.7,35.67,115.15,1,0.008903133903133903
99.67,9.46,1569.8,F,80.0,4.53,11.52,85.9,31.53,111.56,1,0.050961905975283474
105.87,4.18,869.1,E,40.0,1.38,1.71,89.7,80.83,60.3,0,0.04602462317339777
31.57,5.29,906.4,A,2.5,0.6,9.66,77.3,15.07,103.08,1,0.0027581641659311564
109.62,5.74,1557.7,B,5.0,4.38,12.51,78.4,43.24,59.76,1,0.003209860692045965
51.36,5.8,1853.2,C,10.0,3.1,8.66,78.2,55.52,56.68,0,0.005396071659831642
145.33,7.1,1911.7,D,20.0,4.51,9.7,86.9,60.43,27.24,0,0.010461892556363445
47.84,9.57,1238.8,A,2.5,3.19,6.88,77.8,75.58,56.9,0,0.0020180820148530836
79.75,4.31,842.8,B,5.0,4.15,7.93,76.0,41.94,69.12,1,0.0059326056003796875
40.24,3.41,1617.6,E,40.0,2.43,0.52,90.0,65.14,12.48,0,0.024727992087042534
149.62,3.98,651.8,A,2.5,3.87,9.58,75.4,62.68,58.85,0,0.003835532371893219
90.26,9.15,1215.3,A,2.5,4.61,1.22,87.5,59.29,95.95,1,0.0020571052415041553
101.45,7.34,845.4,D,20.0,3.07,6.53,80.5,67.64,84.81,1,0.02365744026496333
38.05,4.64,1381.9,B,5.0,1.31,4.39,87.6,33.35,79.87,1,0.0036182068167016426
120.0,8.62,632.7,C,10.0,1.71,8.18,83.3,17.62,110.05,1,0.0158052789631737
55.19,8.96,544.9,E,40.0,1.39,2.0,88.5,20.73,11.98,0,0.07340796476417692
137.77,8.85,1852.8,B,5.0,1.61,10.37,88.9,30.21,71.28,1,0.0026986183074265975
54.62,9.39,383.2,E,40.0,1.88,11.93,75.1,55.02,96.61,1,0.10438413361169102
52.88,4.39,1110.7,A,2.5,3.0,2.45,76.1,85.64,69.55,0,0.0022508328081390114
34.39,8.16,597.5,D,20.0,3.15,1.56,78.8,73.12,45.63,0,0.03347280334728033
86.65,5.95,270.1,D,20.0,2.42,2.18,85.0,81.01,24.99,0,0.07404664938911514
97.78,8.81,264.8,F,80.0,3.27,13.16,88.3,41.59,107.63,1,0.3021148036253776
37.89,7.96,515.4,C,10.0,0.87,7.92,81.9,46.42,61.78,1,0.019402405898331393
123.06,8.32,1760.2,D,20.0,0.9,7.01,84.1,45.43,106.59,1,0.011362345188046812
84.39,7.42,708.5,A,2.5,1.27,1.6,77.8,27.27,74.44,1,0.0035285815102328866
92.93,3.83,1910.8,C,10.0,2.83,9.74,87.1,15.51,84.16,1,0.005233410090014654
82.89,6.59,1246.9,B,5.0,1.46,13.02,89.5,63.18,98.47,1,0.0040099446627636535
78.09,9.89,985.9,D,20.0,1.77,12.42,79.0,99.03,82.51,0,0.0202860330662339
97.16,9.53,1244.2,C,10.0,2.3,9.39,82.4,25.01,53.79,1,0.008037293039704227
48.63,2.82,1130.1,A,2.5,4.15,1.13,76.3,14.2,66.5,1,0.002212193611184851
51.83,3.74,1565.8,F,80.0,0.56,1.69,83.4,80.16,98.34,1,0.0510920934985311
133.41,3.49,708.5,E,40.0,3.42,0.74,82.5,32.73,51.1,1,0.056457304163726185
143.53,7.94,835.5,E,40.0,3.51,3.86,77.2,84.67,52.69,0,0.047875523638539794
74.8,8.63,1809.4,A,2.5,4.09,2.03,81.6,73.35,20.53,0,0.0013816734829225157
62.49,4.1,1903.6,A,2.5,4.7,3.9,80.0,95.11,110.6,1,0.0013133011136793444
107.28,6.29,1806.6,E,40.0,0.59,5.78,82.8,46.8,20.01,0,0.02214103841470165
79.05,8.81,955.0,F,80.0,1.19,14.14,83.8,69.58,81.3,1,0.08376963350785341
33.05,8.0,1604.7,C,10.0,4.49,9.16,75.1,51.84,55.45,1,0.006231694397706736
48.74,6.57,1057.4,E,40.0,2.56,12.52,86.4,66.75,54.62,0,0.037828636277662184
115.92,6.93,1095.6,A,2.5,3.04,10.66,85.7,50.46,84.75,1,0.0022818546914932457
109.07,6.31,568.4,D,20.0,3.48,1.69,80.5,26.98,17.38,0,0.035186488388458836
33.25,4.73,1264.0,B,5.0,3.56,11.04,75.8,55.71,75.31,1,0.003955696202531646
56.64,6.74,535.0,F,80.0,4.69,4.13,86.3,57.57,94.92,1,0.14953271028037382
57.73,7.67,796.8,F,80.0,4.99,9.59,89.3,82.95,101.1,1,0.10040160642570281
110.63,9.05,1739.1,D,20.0,3.74,5.11,78.6,76.2,28.76,0,0.011500201253521938
32.37,7.27,572.7,D,20.0,1.79,14.97,79.9,69.74,108.72,1,0.03492229788720098
42.49,8.21,328.1,A,2.5,4.46,3.95,77.8,20.2,82.18,1,0.0076196281621456865
125.99,3.7,324.2,E,40.0,0.72,4.19,83.7,74.86,107.0,1,0.12338062924120913
51.43,5.96,1893.4,C,10.0,1.54,13.96,77.3,55.03,63.38,1,0.005281504172388296
108.33,2.57,1112.5,F,80.0,4.54,0.37,80.3,90.47,69.62,0,0.07191011235955057
58.58,4.35,936.9,F,80.0,1.65,10.45,85.5,92.79,111.09,1,0.08538798164158395
41.93,7.95,1659.6,D,20.0,1.49,10.88,83.4,14.96,108.99,1,0.012051096649795132
59.18,9.94,1704.5,E,40.0,1.12,12.55,80.8,83.86,59.3,0,0.023467292461132296
116.67,3.24,797.9,F,80.0,4.37,14.62,81.3,13.39,40.19,1,0.10026319087604964
132.68,5.51,1448.5,C,10.0,2.75,14.63,83.4,43.05,53.25,1,0.0069036934760096655
129.63,8.5,1588.0,D,20.0,3.54,0.98,75.1,58.81,52.65,0,0.012594458438287154
77.66,4.03,1378.4,C,10.0,1.58,12.33,76.2,23.33,41.56,1,0.007254788160185722
110.17,6.66,472.9,E,40.0,3.91,9.69,88.2,77.17,39.54,0,0.08458447874814971
54.6,8.0,1776.6,F,80.0,3.92,9.71,76.2,10.75,104.72,1,0.04502983226387482
65.18,7.12,1170.4,B,5.0,1.91,1.93,85.6,25.17,17.68,0,0.004272043745727956
137.56,3.91,708.5,F,80.0,2.35,9.75,88.8,62.27,84.54,1,0.11291460832745237
31.56,5.17,965.4,E,40.0,1.44,14.74,79.1,74.29,29.01,0,0.04143360265175057
40.26,8.38,267.6,F,80.0,4.89,13.68,80.6,92.5,47.9,0,0.2989536621823617
54.95,6.66,430.2,F,80.0,3.41,6.59,83.5,73.49,16.77,0,0.18596001859600186
33.18,2.54,1578.0,A,2.5,4.71,0.6,88.2,70.46,39.7,0,0.0015842839036755386
51.77,8.21,200.0,F,80.0,1.87,5.43,89.1,45.49,94.53,1,0.4
99.96,2.76,949.8,F,80.0,4.02,12.4,86.1,10.12,107.35,1,0.08422825858075385
80.57,8.09,1140.5,C,10.0,3.95,10.52,76.3,20.81,34.37,1,0.008768084173608066
137.12,4.02,298.3,B,5.0,3.61,6.89,85.0,58.11,60.99,1,0.016761649346295676
128.09,9.69,1951.5,C,10.0,4.85,0.83,81.2,70.76,61.74,0,0.005124263387138099
71.02,5.26,607.0,C,10.0,2.27,6.4,82.1,47.57,106.09,1,0.016474464579901153
61.13,4.95,747.6,D,20.0,1.09,7.04,75.7,75.76,93.91,1,0.02675227394328518
75.56,3.62,747.1,A,2.5,3.52,13.93,77.9,56.97,66.44,1,0.0033462722527104805
100.84,4.79,614.7,C,10.0,3.78,9.62,86.9,16.68,83.78,1,0.016268098259313486
62.17,9.07,202.7,E,40.0,3.09,4.67,81.8,27.28,103.21,1,0.1973359644795264
104.9,9.97,1512.8,E,40.0,1.43,7.88,79.5,85.6,11.05,0,0.026441036488630356
79.13,5.26,1940.3,F,80.0,2.77,0.99,80.8,75.24,54.32,0,0.041230737514817296
96.25,5.86,603.7,D,20.0,1.9,14.59,87.8,90.53,109.8,1,0.033129037601457675
82.34,7.92,1393.5,A,2.5,2.42,5.4,86.2,20.58,91.43,1,0.001794043774668102
65.34,9.15,1535.4,A,2.5,3.4,7.17,79.1,99.12,69.71,0,0.0016282401979940079
143.81,6.95,1727.2,F,80.0,3.85,5.33,76.8,28.85,68.26,1,0.04631773969430292
121.63,5.44,960.7,E,40.0,1.55,10.24,78.8,11.06,48.25,1,0.04163630685958155
46.81,5.59,745.3,B,5.0,2.32,9.93,88.8,99.77,67.26,0,0.00670870790285791
134.22,7.72,785.5,D,20.0,1.71,10.73,83.7,35.3,82.09,1,0.025461489497135583
88.49,2.52,1482.7,F,80.0,1.39,4.02,83.0,70.12,56.02,0,0.053955621501315165
137.35,7.15,1670.2,D,20.0,4.03,4.74,83.9,25.9,88.56,1,0.011974613818704346
125.98,5.17,526.9,E,40.0,4.59,1.88,80.5,62.22,104.74,1,0.0759157335357753
81.03,8.46,867.7,E,40.0,2.17,9.83,87.1,91.36,27.02,0,0.04609888210210902
32.7,3.2,1823.5,B,5.0,3.88,0.6,82.8,38.82,59.67,1,0.002741979709350151
62.24,6.91,1652.0,B,5.0,4.54,8.97,76.8,70.32,54.88,0,0.003026634382566586
95.0,6.11,1972.7,A,2.5,4.31,13.05,76.9,26.91,85.62,1,0.0012672986262482892
106.02,7.32,1557.6,D,20.0,1.32,13.36,83.1,66.23,37.49,0,0.012840267077555215
60.95,2.99,907.8,D,20.0,4.8,6.74,89.0,40.28,80.43,1,0.022031284423881914
46.72,6.85,1263.1,E,40.0,2.2,6.89,79.6,29.01,106.52,1,0.0316681181220806
130.19,6.71,1389.8,A,2.5,2.03,1.15,88.0,38.19,55.99,1,0.0017988199740969924
148.13,6.7,341.2,F,80.0,0.78,10.06,86.5,26.1,110.21,1,0.23446658851113716
93.08,7.03,1180.1,D,20.0,2.69,12.32,78.7,91.17,119.25,1,0.016947716295229218
50.6,7.57,1476.8,A,2.5,0.99,3.67,75.5,45.75,21.67,0,0.0016928494041170098
62.68,8.54,501.2,A,2.5,1.62,6.32,76.5,32.08,35.64,1,0.004988028731045491
32.21,4.52,1605.1,E,40.0,1.93,12.58,85.9,50.36,114.54,1,0.02492056569684132
139.72,8.69,1250.8,A,2.5,4.14,13.16,78.0,38.85,115.42,1,0.0019987208186760474
44.13,6.24,1914.0,B,5.0,4.44,3.65,80.6,77.0,20.75,0,0.002612330198537095
99.18,3.08,276.4,B,5.0,1.86,8.26,82.5,97.41,11.65,0,0.018089725036179453
62.89,2.94,677.6,C,10.0,4.36,2.89,85.9,49.42,27.72,0,0.014757969303423848
96.5,5.01,1282.8,E,40.0,4.36,1.53,76.7,87.49,119.56,1,0.031181789834736514
108.17,8.39,733.8,F,80.0,3.94,13.67,81.1,60.93,29.8,0,0.10902153175252113
129.57,7.81,1486.0,C,10.0,1.16,12.31,82.3,24.15,65.28,1,0.006729475100942127
54.77,8.41,1566.2,B,5.0,3.61,11.4,83.1,72.16,103.33,1,0.0031924403013663645
31.32,6.38,384.5,C,10.0,4.75,0.73,87.3,56.21,12.24,0,0.02600780234070221
46.43,5.8,1124.9,E,40.0,3.57,12.66,77.6,68.55,76.49,1,0.035558716330340474
138.0,3.61,1116.0,E,40.0,1.99,6.57,87.1,90.07,40.47,0,0.035842293906810034
134.87,4.96,864.7,A,2.5,2.75,5.14,85.4,49.64,104.86,1,0.0028911761304498667
101.69,5.76,1879.3,D,20.0,3.41,8.2,83.3,91.11,41.18,0,0.010642260416112383
102.06,3.16,1689.5,A,2.5,2.8,1.37,85.5,77.56,85.54,1,0.001479727730097662
109.8,4.15,1455.0,E,40.0,1.04,11.35,81.2,53.97,84.16,1,0.027491408934707903
51.04,6.99,1485.8,B,5.0,1.9,8.74,77.1,64.29,34.36,0,0.0033651904697805895
139.73,8.02,1031.1,F,80.0,4.11,2.8,85.0,39.3,13.83,0,0.07758704296382504
80.25,9.99,1857.8,B,5.0,4.38,2.82,82.9,98.52,55.02,0,0.002691355366562601
75.98,9.5,1450.3,A,2.5,1.12,2.76,84.6,70.06,41.81,0,0.0017237812866303525
92.27,7.32,1512.2,F,80.0,4.79,0.86,80.1,13.95,98.99,1,0.052903055151434994
35.64,5.66,1751.0,E,40.0,1.98,8.82,88.6,39.4,98.04,1,0.022844089091947458
49.95,7.27,693.3,B,5.0,3.48,12.61,83.8,66.1,60.27,0,0.007211885186787827
118.56,8.39,1652.7,E,40.0,3.88,0.26,76.3,15.07,76.72,1,0.024202819628486718
39.94,3.39,551.4,F,80.0,4.15,0.74,81.7,12.15,76.47,1,0.14508523757707653
102.38,5.57,821.6,F,80.0,4.76,8.59,86.3,50.5,100.99,1,0.0973709834469328
59.44,8.8,804.1,B,5.0,1.91,12.29,86.9,39.94,56.75,1,0.006218132073125233
76.72,5.38,1961.3,E,40.0,4.36,4.9,82.4,49.45,40.3,0,0.02039463621067659
64.64,6.79,1741.8,C,10.0,1.09,5.24,88.4,33.64,39.15,1,0.005741187277528993
72.68,6.91,1462.1,E,40.0,3.67,8.95,79.0,24.82,68.98,1,0.027357909855687028
116.29,3.88,1508.7,F,80.0,3.84,4.11,81.2,72.02,59.41,0,0.0530257837873666
65.65,5.22,1211.7,E,40.0,3.55,0.4,88.5,56.31,58.41,1,0.0330114714863415
97.97,5.01,1904.8,A,2.5,1.64,11.03,88.4,28.01,20.03,0,0.0013124737505249896
87.13,2.7,1093.3,C,10.0,4.43,9.38,85.3,38.76,89.05,1,0.00914662032379036
109.64,2.68,884.9,D,20.0,1.26,8.71,87.9,63.26,33.51,0,0.02260142388970505
142.42,8.74,493.5,A,2.5,0.74,11.13,76.3,16.5,31.66,1,0.005065856129685917
117.91,4.55,1615.2,D,20.0,3.73,10.13,88.0,23.27,55.4,1,0.012382367508667657
55.79,6.39,1522.0,B,5.0,2.64,3.09,79.8,16.59,35.06,1,0.0032851511169513796
33.74,4.74,891.8,D,20.0,4.32,5.29,77.7,83.11,74.22,0,0.02242655303879794
61.47,9.56,245.3,E,40.0,2.23,1.89,78.6,77.72,50.86,0,0.16306563391765186
101.41,4.44,1710.2,D,20.0,1.26,1.95,81.3,77.8,59.38,0,0.01169453865045024
36.17,5.72,220.6,F,80.0,4.26,10.14,78.8,74.47,69.09,0,0.3626473254759746
89.56,9.05,1466.7,A,2.5,2.97,12.88,79.8,70.24,32.39,0,0.0017045067157564601
101.62,8.81,1946.5,A,2.5,1.35,14.44,77.0,52.93,27.13,0,0.0012843565373747753
70.11,3.9,987.8,D,20.0,3.74,9.43,79.4,67.81,106.85,1,0.02024701356549909
122.51,8.52,623.0,A,2.5,2.8,2.76,83.6,13.45,57.71,1,0.0040128410914927765
42.79,5.94,1468.8,F,80.0,3.22,1.58,81.6,65.93,55.33,0,0.054466230936819175
39.02,6.12,1670.8,A,2.5,2.57,12.19,80.2,80.01,13.92,0,0.0014962892027771128
117.38,3.5,1183.6,D,20.0,4.23,8.68,86.2,55.03,64.78,1,0.01689760054072322
89.46,3.1,1940.7,C,10.0,4.23,9.27,88.4,42.18,70.96,1,0.005152779924769413
112.61,7.96,293.0,C,10.0,3.69,11.72,86.4,34.97,71.47,1,0.034129692832764506
82.18,6.22,1108.6,B,5.0,0.97,10.55,80.0,67.85,87.77,1,0.004510193036261953
59.57,5.78,1493.2,A,2.5,4.27,12.52,86.2,72.35,29.52,0,0.001674256630056255
128.29,7.97,1752.8,D,20.0,3.52,0.84,77.3,88.39,37.74,0,0.011410314924691922
125.93,8.24,522.7,A,2.5,3.64,11.21,77.0,40.81,99.18,1,0.004782858236081882
113.36,3.69,1640.0,E,40.0,2.13,12.76,80.2,79.28,114.19,1,0.024390243902439025
62.66,7.08,1194.9,F,80.0,4.46,4.29,87.1,60.52,24.95,0,0.06695120930621809
100.83,3.52,913.8,A,2.5,3.76,9.61,78.7,89.46,64.74,0,0.0027358284088421976
73.32,8.14,437.1,A,2.5,1.01,4.71,75.9,57.5,33.56,0,0.0057195149851292605
40.99,7.43,1757.5,C,10.0,2.34,14.37,77.0,56.59,16.61,0,0.005689900426742532
140.08,9.67,483.1,F,80.0,4.49,0.5,87.9,62.01,45.81,0,0.16559718484785757
46.42,3.02,757.6,D,20.0,0.71,8.7,84.5,77.44,25.81,0,0.026399155227032733
144.03,2.93,722.1,A,2.5,4.83,2.5,78.8,96.82,88.09,0,0.003462124359506993
83.52,4.62,1768.5,C,10.0,3.56,10.68,83.3,16.62,68.71,1,0.005654509471303365
